joinid,jointType,item,itemCategory
d58f4e371fb8fd9c829da86aea29be0bf4849dff6ad055a35257a5e82f6a0e4c,HAE,Tablet,Photography
a727e6b5b0d1665f36491bdf75850af15922f7c632dde3e336d970d8a06b4984,HAE,Headphones,Gaming
9978d8eb90ea99bef3cf62118b67eb9669151609bd0022d951a330a1b35f2ea2,HAE,Laptop,Audio
f5c1a1294035ded91dd003ee3f46fabb4251bb122e569dd9ea45fce75b89fa0e,HAE,Laptop,Electronics
3502e4bc4cee0ff61eb6fb489903b49359366414cd078f084bdcb598fe130d15,HAE,Laptop,Wearables
cb641aa3b283293e4d3bbdcb233d6a1f7d92e1f6eb7d0dd553886b6b4952cdbd,HAE,Tablet,Computing
6377527f713666ee89a626541ecb4cf80460164e3f4de429df4a9326fdd6fd10,HAE,Television,Office
9e5676245ba38a54b7e559e797d64f3b99bc779ae14e9617c526da0ba987ce6f,HAE,Smartwatch,Gaming
18745db11ebbc6ddc78fcd52174b2ce898bde238f174aa538270697bb86e7729,HAE,Refrigerator,Gaming
510a46bb008672f1f011aba6ebdc52c1a8ad53946fff7a79bbbe20487ee3f53e,HAE,Microwave,Audio
c4230fb3e637059ad8b5eb5cbf7443e25c66922da73abd07d1de885888cec016,HAE,Microwave,Wearables
9f0505e648a4e2cc7b56b6c914a5d458c38fadce4e126e20d83337c77fef5837,HAE,Phone,Wearables
d12a7167e786572d17cb9d5c887c3fe05e106642c49ee51b25a70d810f213495,HAE,Phone,Home Appliances
6ff903969a1536c682deb85036573330401adda4adc7a4a7aeb17b4b0edb1956,HAE,Speaker,Audio
d2b47704ecbefc610bd6bbd45991ca43f570fa0c4f653bac669fefca36b2000b,HAE,Television,Gaming
4279812fe8641a876ce96dce2bc00f520d0d0a4ca2aa79d2410b80baae54d75c,HAE,Headphones,Entertainment
e0ea49b7d352b007aafeb16d38a1b86eb53922647a4563ba90a8b49dfa625e5a,HAE,Laptop,Gaming
4efe8dcb2eaea8a17f29f153d62c73a764647cbedc1285becfbfc3d5264f554e,HAE,Laptop,Kitchen
d70fb070bfef3344fe00aa1f5fbab18718f44b6bee31a0b4e37ab30da59fdfab,HAE,Tablet,Kitchen
1fafb0ec1da5d42c91c13ac3ea89681124602d2c4b75fbda3be11b727cb2f2c3,HAE,Headphones,Home Appliances
086d7e05cf5e0f5ac6d914cc280467ef7e65a156cf49f3286770660538da0c26,HAE,Phone,Computing
d833c42608dc5e26f34b289a70af134577edde9ccd4f15dd085c686722587a4f,HAE,Smartwatch,Wearables
67be6559b1c88cfe1a310b8bada7e819ec80d78f687b904532e6b91f899422a7,HAE,Microwave,Photography
166848fcae0283421714fdf392b69dd604a115d4393b9353f440d1c56ade15d2,HAE,Microwave,Photography
f37530f6ae899c9a712a8bfc560f736fbea991fb76ab594aea3a1dcb4e661228,HAE,Television,Entertainment
4917a444807a6f38d5f8e0883e54e4dd4fb7145b5669b727ce612cd239de88d3,HAE,Tablet,Home Appliances
2f6638ace176cd5e7d2aa401f2860140688223af69ce6d1b42198ca173aedfab,HAE,Microwave,Wearables
74c02923aa2c897033bd5a123a3915a8e63dc338aaf9259fefd5d6edc051bc28,HAE,Headphones,Audio
d3ff0d78519f461375bf5bd1914b04655b32d085520562c9037c789074fc0fdc,HAE,Laptop,Photography
a0f13b7a7c6a71f88ec0accf0666d63ff908089366810265ef3aab4dbcfdf65d,HAE,Laptop,Audio
95c2789575ff22763de881c16c3b9865e842041f153f8e0b6fa854e952eeaaf9,HAE,Refrigerator,Kitchen
37184bbb756087934413e9b83881b571e13da987ffbc23568451531ec20570ad,HAE,Phone,Entertainment
f9c448b3022c9612ac584d320eb641420332f30fb3a73bfcded5dcee940038fc,HAE,Camera,Office
6762f2317200d0a3c6bcfd8a56abdd6bcf195881a5e0e82d6f2ef7ed9325a4a3,HAE,Microwave,Photography
96fd639774987ed451d7dc2f20a6ed39777395e4ecc2e08f714e556c4b5812d3,HAE,Laptop,Entertainment
edb3e52c96ea7ec6e3f2437baf8bbc38a2770dc3a5a60812c843561a96c04602,HAE,Tablet,Electronics
6912730ca4baa9aeb1d9a903ed3bcde1a30ab1c7543e6b76ca370b83b52c20c9,HAE,Tablet,Electronics
bcee9282a8a55088eba7def1490bf729f84c93e1a46110e72f7ddf4e0fd6865b,HAE,Phone,Gaming
f133331d2c098dd3e876a646f4dd685b7cdbfa71ac550c98ede2abab0961cb76,HAE,Smartwatch,Computing
e0e7ec91b68f0d62e35a00cddceebec688b5556fa7f733424e9d2c5407123bbf,HAE,Television,Entertainment
57f48650c0d36101ce333dc81ff0b11eff06c849acd944e0e7366e818439dfa5,HAE,Speaker,Audio
2d158cc21cd74605edfd3834a1341f2b860c91dac9d23e3285ca9854194a2814,HAE,Headphones,Photography
1dbf6b0994069281fac585a52f508d6fbd3dc749441daf765d02ce2669bf8fed,HAE,Camera,Wearables
a2a4bcc233b62b80180f6c8d107d0c4947c17e0794b3d63fa63fa8961d96956d,HAE,Tablet,Wearables
cc80f3fd2acfa401d6afe52304756321010d40ec016ecdaa786da773d9f45e39,HAE,Television,Electronics
6f8b9217418c567133c9c66dd8e57e5f0d41736be75b09856480f900ee29046f,HAE,Camera,Audio
ac770d80012a3dac62b422e81b49aba9f299d8c044df23569177f71ca311e909,HAE,Camera,Photography
b888310601506546bd6ab9001ed24bd975d4b0719b920f198b63fe6c2e0ee732,HAE,Smartwatch,Wearables
25c967b51b3363739f7fdb17820f427ad6251198db68df1fca24165836a1b954,HAE,Television,Kitchen
b5853fada93a7bacc672b736e2577a6859e03882526a51c702f5ab64db84df47,HAE,Microwave,Electronics
570c4222a70b8fe001f8ec501766d1a49cf1fda6deef7cdc17e9de58dfd7dd9f,HAE,Camera,Gaming
6eb7e4eda157172f606d9084ea62b098476747941942deaaddde5f40c1306982,HAE,Speaker,Entertainment
21bc9c57672fb4ad7edc9600879631cae1fa7fa02073fef7a24bf590839a80b0,HAE,Laptop,Office
87069ff8e9461592d5682586f8d6a3eba0c43d931442871ae892f36160e020f5,HAE,Laptop,Photography
80ffcd24303777d6eaa1411c4c41803ab819ee2e198b600150eff7d7371da640,HAE,Laptop,Entertainment
12a232c9960cb20a998c3438366cf6353c2dae19f5fc772b9848cb689807ae54,HAE,Smartwatch,Electronics
6e2a44cbfda72e27fdab10e44bb6264afd29f1b93e4413f48cf9d983aaab2377,HAE,Headphones,Entertainment
f2c64e5c7db6250643adbb537cd0bc5aad69f12f6e8014eaddb92d0bcb2ad65a,HAE,Microwave,Kitchen
e172f8994cd8edd347dc7e384eca2f5e8f23e2df28c11028ba8e237d3d4afeb9,HAE,Smartwatch,Photography
f54848b6be591933634c6224c52d07f5c09364aede4c55b73433e0db5f11f867,HAE,Refrigerator,Electronics
c298cd9694cc0b58e4a211b9b46ebf4ebf264c9e31378785c20925e8aea223f6,HAE,Refrigerator,Home Appliances
9739e67ac6cdd32eb13e124edb3c440edba777682606c66576257352ccbdfbe1,HAE,Camera,Audio
e5a8d205a2be92f74f6357b0d7a99437f8206291d092f4ea892b1ed6eb056219,HAE,Headphones,Wearables
c91397479ada37368c7abd9ba0e55a50571c4debaf6df55a0e10e5640fa1376c,HAE,Speaker,Electronics
da1af47b9580e9831b12be49877d6373e09f5aadc25efc6e0532db4fc9f06d64,HAE,Refrigerator,Home Appliances
fc18e3971d298ba68a7034f4223418ebb6cc7a9cfc1cde3609e01de0fb8b2c4e,HAE,Tablet,Office
3d974139251c863f40597cf468ba8eb9920e3234539de62c3d7715b26d6dc234,HAE,Microwave,Office
a84e8057646e67f1cf57d1db0ed8cc1a8d5405028203e246cac1eba31d8dfbaa,HAE,Microwave,Photography
43872c12fa4f5733cc2ee3ce1495cb7ffd5b60321c1adf8aceaeec1282aa633c,HAE,Tablet,Photography
7e5bcab6da772ec0c4c6b667ea72bdbcaec266faf1416a8eeab530ca4d5d42f8,HAE,Television,Entertainment
2d5ec3b892b862015c7de6f212a47afa8e3c1606f89a524dd72b3ac357b53acd,HAE,Laptop,Gaming
2b9784a78da85cd01e76cc2c30de965c6338fd1ecbb2546b6e8d73d3802465e2,HAE,Tablet,Gaming
2d1e4758f1113c237dee5aa36f4bad6f7ac7c61e1c930a0dc5234aefebc77aeb,HAE,Camera,Kitchen
67ea0906634dd996bb0c511e19785f2d4117003c627b1528e482f330a251cac9,HAE,Tablet,Entertainment
ed307d6d079b3ea093a9ee99e5ed73ec6878db3f726df3843fb414eb4efc863a,HAE,Headphones,Photography
029dc005ee81c7e72f7b71e0c8d9fcb81ea5b9fa54ff187aacdbe9dadafad917,HAE,Television,Home Appliances
289713f259cf9d7f0f05339c104bae2220af23ed627ee9e37c112d98efd6a580,HAE,Laptop,Photography
a8ea9968f469b30686babe0a187c7947c3ab409ce492d59cacc2f11ec06142ed,HAE,Smartwatch,Audio
6cb6ccf7e9fd43c44ae58e8ee864fb6b6cb8257e4d8a397dca7b9fa1999c9ba1,HAE,Television,Electronics
d9b3be567c0b64b154115a73c7ebef3e0f2f77cac4c6f6b83bac0a4b12ed07f6,HAE,Headphones,Wearables
9e754618dd7d10c69bf264bc791b8d7aa3445622e19382196411e1e2063bfed5,HAE,Smartwatch,Audio
b16578637469cf00ec55f5ba7eaa7e28c3583086739f74297d59f9c80d117dac,HAE,Microwave,Audio
8000a2e8d94f0b8fa12bdf265d69245d84ee26edf3684045a43a0c83ab9538c1,HAE,Headphones,Gaming
82591e70aa9a0a77fd7a42ad4f0996679656ecf86d3394f5bba2b6177ad65e83,HAE,Smartwatch,Electronics
b695b5f67ee0d2ce7ad1a706a248fe66b7eaa597d9b0f12507b0f4effb57ff69,HAE,Headphones,Gaming
76169518bc19b1c19fd195db20c95992d79563864b8f469236567ad34756b43b,HAE,Smartwatch,Home Appliances
75cb595f3ba1407cd3df5b2a6241c5975f45b2acb1b017b7ea32d459bb002bec,HAE,Phone,Computing
13abb7146078fd7f40708e242c0b6123baf50e6619467151d333eef82fb1c01c,HAE,Speaker,Kitchen
35a49bb15fad1c8eb643975a6ff1ee184b55c04a12860cd2bbb7639a52cb9a2c,HAE,Refrigerator,Wearables
f1a0f3c4d5d00ca44ebd43c24847b66f64e3b81681d346ad87cee45a84d2f0fc,HAE,Headphones,Home Appliances
3214f4bfbd1eaa453bc4f8d8793049ac1d15585c6ec2a9796952e541737ff88e,HAE,Tablet,Electronics
7f2e2738c88712d1e0032541b0c1170c1dde8cd9b342b0888685e526f2a71cbd,HAE,Camera,Kitchen
9f57540bbf03a51817f23bc97aaeb8faf8c2e104fc996d4d44ad356b560231f9,HAE,Speaker,Wearables
f0e8dee9fc33749b0785b12059a11f5e5c15adcc2495f1c37b5b51f7faeb5595,HAE,Speaker,Home Appliances
2ac89b9861fa2877bc069d7b74f426b710f9e2cac46667377e4232fbd09ab833,HAE,Television,Gaming
0f8d4e69a8b3ee05be4343540ddec2825333cafab83488c478b95c7ee68d2bca,HAE,Smartwatch,Audio
2843278e58656a3e710b88db24673c5e54e059387ed66921b71ca30797770e98,HAE,Microwave,Electronics
5f742d2930c40c495d03367e657c6ecde2d0467804b3a20f2dcec32c5774a721,HAE,Speaker,Kitchen
e3250bc3871c280cb9f897e7463417df2f63d78357c10c800a15f30b892adb33,HAE,Laptop,Wearables
346c8b6c4cc057c73dbbaec83bdae96594595fbcd950fe5f9fddfff4ffd3a6a4,HAE,Camera,Entertainment
5edef483b75fe383ef42a3f5c00f1522c834ac8f8de4d71cef7267ee19135110,HAE,Laptop,Office
a22722e8cc37500ef1f91e84cb0deb79b038f1eb2eddce0f3db8ac489b502e7d,HAE,Laptop,Gaming
fc8ea67c4ad82e8f197bd25b50221972477a0a8ca67b10b3b4a72fb72a59a0a4,HAE,Speaker,Home Appliances
5bd03b0f0fb7c4c924f97d9ef3e4d750ecd0124deec38094b182438ae6cde33b,HAE,Refrigerator,Electronics
5fa0d4440a7acfdaf9d004ba34e2976bf0147004939b8169bc5fe718fc182d22,HAE,Camera,Office
f3b2664134df0d01f2bc4701fcec661dbad9967d9227e5ac7d24aa518d0d3d49,HAE,Television,Entertainment
39810f2e6ccdbdaa6ba4b7506da41378c8a2fef2c81c231a6a63802508ff8cac,HAE,Headphones,Electronics
dc9e3c13d401071c6e189f35670b3608061eff279860e369d678a6ce64ee4a26,HAE,Television,Photography
2e15e0deb9b5830a4c1b21a52cfb85946a1f41b14fa5b1700063dca21671406d,HAE,Refrigerator,Entertainment
4803bc41a41b3243bc75cd7e395b26d4611641ef356463ae9342acd11703de1e,HAE,Television,Home Appliances
6d02fa89517f2d29c24cd141c74c6beb65de258aa2b4c90a984d9c581c757a8c,HAE,Smartwatch,Kitchen
b446865818fa8bbb92965c6a2244cd3c48054d7c6cb24dbe8c769b5f3fa594b9,HAE,Smartwatch,Office
3459b1d9b1582ac725657010ea460e016674c3e46413524fe31b49c2b91ccbdc,HAE,Television,Electronics
fdbccdf2c73801dc722d62ff9ad828ebfd27dba34f8087b1a357a9e07508665e,HAE,Speaker,Kitchen
0d31b8e8a48fc4488958f77c05b864ddc0462e0e8ffe69700e64f0326f13d6f1,HAE,Headphones,Gaming
595d04ab3e85a551a6f9fe437138b16e9f142e43adeae3519c844caa49c6533e,HAE,Refrigerator,Office
0483c5282e0532840aca7b99734b1ec6f86ea7890757ef94ab2da702fca95bb7,HAE,Tablet,Gaming
21b1176b7b5340bfde644b25e672884db2831eb3fbdc886d94af6cd55fc9661d,HAE,Tablet,Entertainment
1ceb320a1a60dfb84dec5fe9786fa0726c284366b85847d9d1c2802ddb4fb96e,HAE,Phone,Wearables
505b46bf3e258727a51918816b3b3e47c4d978aacd24022b74d22b75adc07e6f,HAE,Headphones,Kitchen
7b76ebcdb325ccbd9f614e5f0db6eb6072c8d4afd64124dc7ff178540b5e0b66,HAE,Speaker,Kitchen
3fd8a287d4ad28d4336a2cbf45fa5b8bae154251649e7f97a9fdc88807e9ac24,HAE,Tablet,Kitchen
0842f8c7bb2894ff870c0ea94227f3b605eea9546fea0a3a2c692b7fea9cac47,HAE,Camera,Audio
e75fc7195e70c3075ba1c641945af5ddb8dc65bba3f500579b4bfcc6a97fac78,HAE,Refrigerator,Computing
dcf56475e29c88271091a3791eba24c154fd232472d067210779a8baa7dadac1,HAE,Television,Home Appliances
de30ca7dc9830d64d5e48b6083cabf892e9b5336e7c1c31a26e60e5812dcb031,HAE,Speaker,Kitchen
d3187de7019c489fcfdef5e9b3ec1c8380a3f55eb655c2cee478e1936c8cf46e,HAE,Tablet,Photography
960d780c352966e89b94fb638a44c489c2c21f676e048811f4b0b4bbcec95c0c,HAE,Phone,Audio
2d5b0d8c27cb10bc4ad0dcd2e01f5ab5d3fcbc7dd064a55971b7fad8ce4ff3b9,HAE,Television,Entertainment
9759c8f9e9dd95bfc43b35c4e2f5abb45b60784e95980c5f2d7656239ae692b5,HAE,Headphones,Wearables
9a35e99361bf3f6efbab32557e9eb41542fafd108f9d811ef6ebd9399fc2f821,HAE,Television,Wearables
ddcc793177ae093d8c844bcfad1635cc0bf2e223c33d3343c72636bd8a17349b,HAE,Phone,Gaming
d2bd8c281e82cd15badf2265e47b7fe35e5f27cae0ac6cab948deef4c473bf46,HAE,Refrigerator,Home Appliances
989e328a11f208545b2128961a6382012a9dc9aa369d82fa94b9be460f24c4b8,HAE,Microwave,Electronics
5e78bd32d7eeba59493fa3bd692dd6034985fac5d05b6ba7fae14afd77789789,HAE,Laptop,Wearables
04822a495404556592fcaac9bac31926ef8fea6be2b16d6fc2a0fbebaa105208,HAE,Camera,Home Appliances
d11cca3088082c649d0e92033bc4c44f66c77baea0b58fdf376cd48c2ab0c605,HAE,Smartwatch,Kitchen
2d439cd41c0a60da15d8207e94f18d9bb2030f5accb869ddaa58841ded7d4ffd,HAE,Television,Audio
a1c4e82495b43ea1c8ce5e13308245cb405cf9ac823dca70aeca7b3f90cde465,HAE,Smartwatch,Electronics
eddf852392219f059fa3b02e2ef7ee076e67c7e59ae7b93b4ec3c19510772cd8,HAE,Smartwatch,Home Appliances
5ee9a838a08e668f3ed2f0307ebce51a0f268aa70d587b481a19c19e3b05dcc5,HAE,Refrigerator,Audio
6385b78451bd8faf94b29022f76957c6fef79003d6102eeb7e09dea53cf371a1,HAE,Headphones,Wearables
35105eaf3a2e332a34c9f703b4fee1ec96644e94f538bb4a4ebbf620a566025e,HAE,Laptop,Wearables
ae901f11ce6a0284576671112e0042c6c4a9571a6ffccb8ddc3026d7a3ff307e,HAE,Speaker,Kitchen
e7886e974eb9410620e65b9c56b1b5493e9ab87d9f2f888fd53962e7903de114,HAE,Microwave,Electronics
b2b168eddce43b2c25604589373b89b18ea80c0ce5dc8b93cef3800937d8c634,HAE,Headphones,Home Appliances
7a13e93a6aa3f2eeba220743d5e847da612da7e6de03db606a036c3d59813334,HAE,Refrigerator,Entertainment
3db4ded86a8519918d33e630e2d4b73371ac49faa08d8698f13504985503e3d5,HAE,Headphones,Electronics
b8299c601646d0c9275b820585cb3808d7f0dd6befdec5da9ef84858173ea6fc,HAE,Phone,Wearables
447b6cdfe94c308334c3455e3e902244468139822abf5c6e2a6d68b62f7c3567,HAE,Tablet,Home Appliances
0e19b89def6984bc719b1e382f71ac49a3bc697e73b1a50c209d25efd6d18308,HAE,Phone,Office
69a277e1c016c46254120a5fc4a92f78c44fecdf842e8cf3658cc56a6b729907,HAE,Laptop,Kitchen
2908cd8bb9b935b0c5de712b9a4a3b991db9bca986ffcfc17b0571965ec453e4,HAE,Refrigerator,Office
409b8005fc19526eff840ce4767b3168f2e8d6de7d5a9860c09d38ee84680fa6,HAE,Television,Entertainment
ccff87172130bc61c8a393311dd4bd1f83a57ea96f202461f776c89522042d8c,HAE,Speaker,Wearables
c366d40608d14d80d3af1ed384fe54686ba38a5ff28e594b30ac1f68d3cbf45d,HAE,Laptop,Gaming
a5dc0f42480e47c4df84d016ba84b3b34321a81881d29f9b9dba74f203fdcce1,HAE,Smartwatch,Wearables
03bdddc1a5b750d75a6ca423f4de6e046f972fa7390ba2d835846355995f7cd1,HAE,Smartwatch,Kitchen
30c0b1dc00d0675cf32bf8471270531ca078a8ad35856fd7f66d58e8357337a5,HAE,Headphones,Home Appliances
7f98d826a86cd2e23139fa95211891fb7e8eb6f15bd71f12df52570d827c8c59,HAE,Speaker,Gaming
278e68074002762e6de2f5c6d9acb21e45125681687f7997675d131ee19d0f39,HAE,Laptop,Wearables
e05e83249906c1097cec272ba7c7a5baadc0d68b483d130e87aa7fa21f158d54,HAE,Smartwatch,Wearables
e845146b9eee42b2e699914e66e3669b2d75bc626ac401fa4cfea1e423d3c459,HAE,Smartwatch,Office
d7b122ea91d2cacc1f247becab7c352b7574a6c48c516dd9bf13938b925fe5e0,HAE,Refrigerator,Gaming
b032d2fa6297c1c6a756cb195a4693fa1764301d320f94879313350d0c1a1b77,HAE,Refrigerator,Entertainment
db11d39ec5bdc1a9da9d3e49cd7b7174198d40e0944dd07506a82bfcea9386ec,HAE,Refrigerator,Entertainment
c2fbf64a91901314e80f758f084e4452c5319741dabbe93d94a35173d23037b6,HAE,Laptop,Home Appliances
709eac0873709bcdfb2fe4d94a93055418cc8ac0c449a5ce33ef4988b14852ef,HAE,Microwave,Home Appliances
4c3d84ba1ff6783c8ecc2af8e21135a0f30f8718f210ea287f1305accdbfc297,HAE,Speaker,Computing
2da3d3fbaddb8b03ffeeb14fa4518a427417c53df0ed21deab31bbeda24ddab7,HAE,Headphones,Gaming
37de29790e20e0297158945b9e1965b270e0eee638a5f373bd8bed1ccc79b045,HAE,Microwave,Kitchen
f156cb22f2f2f23016f12d9943baa293bfaef3f620a451d98c6e2b10de45b5e1,HAE,Refrigerator,Gaming
820b1696d0257311477990d12070f282c39db9f12751ca9ad97a9fe987aef1a9,HAE,Tablet,Audio
de7098b2898e241b5ff92d0bc8cc4da28afcc0458d7b4b12e3a17790ed6384ec,HAE,Laptop,Office
37cc2f83474254c708a39d2517cdb5aad21cd2404dd06e0c1df2dbf105e6f860,HAE,Laptop,Entertainment
1543ee747d42f2654b5271fa17e5cbb2fc9f8bff30dfd4e5dedbba5863931e18,HAE,Phone,Kitchen
b13095ae7510290472457addb5d66d3f1ed63ee42f629e84fa1b2c631fe3e00c,HAE,Phone,Audio
a274d74afda692b86edcf738db143d71f0d45dfba2d3c85cecabf1fef81a1211,HAE,Microwave,Home Appliances
6d8f6ead6ade04abf1d859547cf15ccc3781d4097767ffef8a682c57ab461d04,HAE,Smartwatch,Office
a9f588813d9e0cde1730bc00f85a5af2303272e6436a0b5da89303d9ebaa9d1f,HAE,Speaker,Kitchen
a3745db2e6a70c730dc5eb656f20a1d7aa8649dc200a2fe3a663fda315ce5c4c,HAE,Tablet,Gaming
fcda6254c4d6a9d6aa20ed9dcdac07bc74817009de914d4f7768189c7e6cb266,HAE,Camera,Entertainment
5bc6e99b882a49e901f92d6db0ea0c09a5bf72c0d681ee084575dec2b9cce083,HAE,Speaker,Computing
cc7cac850bea7ace65382636a2093895200618e7ab58ca5de56368617969549b,HAE,Laptop,Wearables
aaaa734d866d0afd22164764719dde4504bd833a2c9afe3102130ef26b46497e,HAE,Microwave,Photography
bc45ab2607343ea40d9e4e3c06f0786305ca1d5c82e6715ac7b7ff58b0da0702,HAE,Tablet,Photography
4b06cd7664dd10d53f9da87568ca7898b4ba136cb96ac4831bffbb329b926607,HAE,Laptop,Audio
c7db4551052919b377d53026630170e45658155e7b834c15c0c0e5f6e438e2a0,HAE,Smartwatch,Home Appliances
ab4427ea94e08379856cb651de8aa788654cbf2dcb5e0211831ee10cff2cca9c,HAE,Camera,Entertainment
ff5e937ecad1e0cce49d4be33f5192fb7dec0b8479b272e28fe8ca280333c3a0,HAE,Television,Computing
8f5bd96d15d54f23a9924ec79e766b0b23eedd78728d9ca09c486128ae7356bb,HAE,Speaker,Office
8c46dc7523f62d8540636934c762274279e17a70ee4624d42135f88e5703e624,HAE,Tablet,Computing
db079d3f8c1f61fa615283373c6ddfcfdbfbaa79c7e7073d092d2a4f9d781f1e,HAE,Refrigerator,Kitchen
449c51fa661d25d68583fd069983f942a8a0ee77f60d16a1bd64ad06af46e70e,HAE,Smartwatch,Home Appliances
61d5e072b8d7fb075864f0d292f05b75f645fd0aa212ff3afd8f463204447494,HAE,Smartwatch,Office
bebc8e9b60d40736069bde13844f633889e17ee9af0892a6d67772dfcb659905,HAE,Speaker,Gaming
c40dac8b0796cbf1eb9fad0d0110636dc81817684deb985c69195886fe42985a,HAE,Speaker,Gaming
ea5b3f29b48fd53fedfbe7e353c2ad5de4d25ff1f702a317c8c66602c64ffa77,HAE,Phone,Home Appliances
923d9b9c3f989435ffdd3d22b3009cebc08a6aab635d8f5418c27a1f53635ff5,HAE,Microwave,Gaming
510a61ab5873335f954ac28791fab5ce03e165011f97e0cf292967eff3d28cc0,HAE,Laptop,Photography
cf77ab896fd7dd6ce5bd121b13e80b281c272b56d4a1b2afb1044205f669060e,HAE,Speaker,Computing
c2f71a51cbd132c41378d527191fb2c287b2ff0776b366e7afef1f756596e16e,HAE,Laptop,Photography
bca20a7391109c7866efe6d9a6ea6b082ade22a745f34a1aea83cb1b65d88b7b,HAE,Refrigerator,Home Appliances
39423745702cce91ab59224103a7dcf79a686e76d104bb3c0a4ffeeaa4626b1d,HAE,Microwave,Computing
ef59f3e4dffc4fc48a9d8735b2e590a65f631a8f65e93bb2e9080d1beb7be1b0,HAE,Laptop,Computing
28790bf5e6b2626c8868714a3c3065901e49287702d004287e55e68bee43dcf5,HAE,Tablet,Entertainment
32af3218f448e572b3b7eee227771a84f7cc73663bba54bbe6b363f1480e3d72,HAE,Laptop,Kitchen
53c01f89f392dc4f9bc107c8d35f1320863c2951f0b4380687ab47f400bd1cca,HAE,Speaker,Home Appliances
84e1eb8a125aba848071ab77c2bcda04b24575f4acb884c7b3c57d8a61fbe56e,HAE,Camera,Photography
8a254f32ac0153773dc1cfdad40c9ffc04948b9a4339d52ae6ecb4fcd77f40a0,HAE,Microwave,Wearables
338501ed2b76fd5db3f373e98491daa32504555e894a6621d04166caad8c9951,HAE,Laptop,Office
b7603d5ef7b3796a96f35ba9cb645cf25d0a3360261b76755e3fc8209c2c8cfc,HAE,Speaker,Gaming
6f78061e835fa0f1ceb0b6286f9c886e96e0d8e0e2f3e8234aaa4077e88c259c,HAE,Refrigerator,Electronics
37ffd14f9a288bafa8cc32ce0729d473eef8fab434e912e244d0ca0fdd472bc2,HAE,Television,Gaming
08acea66a20ee8711ad58736f59a49defc69f61beb855e908ba7ef3ed8f806c5,HAE,Phone,Office
87d475e3cae743a9cbd6c5c1bd7d8b5f510006146db03c10350e4f509e3690b4,HAE,Phone,Computing
a219fb4dfb29163872de15d00251a26239a3acceb6fce6c48b1ddef47fb6bcf3,HAE,Smartwatch,Kitchen
5e23e1098a74fde3b9a498be5da67f99aaa04e35b99d98c218b38df50dbbc726,HAE,Laptop,Kitchen
c5f5268bed8a0dbafabecd0e1b4ab3213b95f1a2cda9e9280673f513609830b7,HAE,Phone,Audio
4a16f6728889230bdf7b3cbbf254c20f5a93546f6a730f70f98c0a53ae9aa429,HAE,Tablet,Audio
be7c9a653c31bc3ed6cfe9e8c079b5ada7d24d10862b74d3686ca770267869cf,HAE,Microwave,Computing
8821f4dff00534d3d6798295d2d8ccbf266830763616e2ac383e4d8fdddf8fbf,HAE,Phone,Gaming
c5a87a7421af26192a131e799048ca74d09a695c042edba7aaeee909aeffb054,HAE,Laptop,Entertainment
213b0da2bc8fe3269182772105dcfca6b729112288d322a7314cc6289d4d3205,HAE,Headphones,Office
87784cf086c726e88af9664d5cb6e87d9073cc487bbe6078fed9bd1558cf3e7e,HAE,Refrigerator,Home Appliances
0806e693da5d111e987e86f85220ce823629ed5469c9bfb502f3d891a6e51800,HAE,Microwave,Gaming
07f9a5792d76b5fb08c349739370a536ba5ee1d3d97605aa1ab42d245745a882,HAE,Microwave,Home Appliances
861d2fe63e1b3fc3f37e4e4de8076a5f400b0d5c4f9db3b93d98e355c3d42fb8,HAE,Tablet,Audio
846a0739e4519caa5ada87bf96cbf37f594606f8769c7a988d5f7bcce4a7bc31,HAE,Phone,Entertainment
3513f5155c02911f8ba486fc1987c2692ef652308243836969f83fd2565cf0ba,HAE,Phone,Audio
1670001e63bb24bdd0116520e177a174ca7b2b28e25a7b997427202adb7b12ab,HAE,Microwave,Wearables
b82966b4ec8744dac07de041a593a33d7dccafd8aaec499b3b1b1aca2eb86d6b,HAE,Tablet,Gaming
ed3e8fed16f6f478a41fcdcf5b58f3d838302b50df0cf2479d2f98e0ba661d4b,HAE,Television,Home Appliances
f293584184f2530f4525dff4fadff0d979f00943f8fedd4ded4733bacc475e0a,HAE,Headphones,Entertainment
e58fcfc78abafb10954ef1250c5e09dfb654cafc2abef9dd4b7760f631422778,HAE,Microwave,Computing
f0b1c6ea221319323b77291fedf4ba7f5281284ecc56729ab9af25b7f93132a2,HAE,Tablet,Audio
79c221af28fa5b94ddff9d61431ec898f72f44b8b92feef290491ff08221954a,HAE,Refrigerator,Kitchen
b608ae9a7ca100324b25212916ddcdb73c8247683ded5c181cbefcd87f91ca1c,HAE,Refrigerator,Photography
c3e33f4c5e42f8ebe11af89493620aa14426b2f13c18b77df7f782a271dd868d,HAE,Microwave,Computing
4ba41c08092611dcdb24f874eea0c0ac0653eb76a0c5cb60ba04fafa7a0bdf19,HAE,Phone,Gaming
3d98e9e23504a3e1e7fb17545794822fcbf95e0d4022afab8822249266c326a4,HAE,Television,Computing
5003b7d24fc2312dde7949091bd9430d5d32db4adfe0aae7fae1a31e50ae62ab,HAE,Speaker,Electronics
2d9370cd9ba58e7890a69ed2b6ea6d6353811bab590a185dc9c705fd7822963a,HAE,Television,Kitchen
e2a1c8db29c68a28f4c3a6e8bf5f73398e8c67b72548cdb13cbd3024ba0a8579,HAE,Smartwatch,Kitchen
459a5b21a8f7164725ad48e91289c59a5cd9e3d4182e41c00dcb433c61c86c77,HAE,Smartwatch,Office
ada963fd5037f968ed9ca58cb8d714b2f917bfff87247b78b91e33eafae07e9b,HAE,Camera,Gaming
db14c5a0f4db0d45f118d49fd2bfad91952d758754bc585eedf66048406cc186,HAE,Laptop,Office
192904db2341204b1ec390e90dcb085db4fd5835d2af70251a7b829bb6528172,HAE,Phone,Home Appliances
880f4d55ca86564ae593c2703f70aa6543ade7a7fd71df4913e972c7cac350f6,HAE,Headphones,Wearables
49176b68af0ece8ae95649b97b8558b8f08f1291cda4824939c8beffd9e98d22,HAE,Camera,Computing
e8d2b46375653362f1be4ea30adfc8200beeb6e49908afbbcc01f973800f0663,HAE,Refrigerator,Office
0d848f99bad4285579909eeee82023f57c211e62fdb0a309ccdc84bd88df4479,HAE,Television,Kitchen
c7bc89bc2b73420af5a0bc13820850ecc1540c159237abcfee58b85fce11b0cc,HAE,Speaker,Audio
edefc9e42bfbfdf7a8521947582214bb5f2cc773a48a799830ebec10c7835f45,HAE,Speaker,Office
5327e817941d9ecf8ea5d519ec8832ea08cf589fc3dee09bd81e09a2effc0fbc,HAE,Microwave,Electronics
2e8bea3d4835966272ce05c158ae57ab3e294aaa2ac5e1d1f32cfcadd78da30f,HAE,Smartwatch,Computing
be4fcda7e5cf6e50ab3ae095c989581b9c7b135ce0c73ba8260ed27c96c67442,HAE,Speaker,Kitchen
db009d2df12a5d8cb57c24901246131d9569d3a210f38c6b638e6f0989171723,HAE,Microwave,Office
8ca9986c3427057d49b20cd9e212e1385a83d0e6db55f1f23ebe487bdcd6a7ff,HAE,Smartwatch,Electronics
3594117253677a103fd16511b74610c7cec96308e757c55228ec27735abf983d,HAE,Laptop,Photography
7e78a64f8d410c84edbba09586f4361ba95319f1684f905a76f15930c61f3d66,HAE,Smartwatch,Electronics
b3c0d2aea0ad2f9ab24aa92601f82c32c2124330509eccdad1005dd233841475,HAE,Speaker,Audio
e5311880e7c5a0a8d3b12ee37a34560d05021431175b533f829f79a7891e04d4,HAE,Laptop,Wearables
e26f81fddfee1c287d3302737f76db69a7788d3c2a4039d302148bbea0ebf695,HAE,Laptop,Entertainment
e0907dcf9e1d1b05b514a028a06ad6393a2514c65306b76861d5fcbe642755c4,HAE,Camera,Photography
c48ebbe0eafa29e22a1706c5dae4352cc93e1e1eb31e3ec93ddedf1c2f672fed,HAE,Microwave,Office
a3e5a38c138c3128e7e84db63166ee4b6928041e2b6aef3dd2d420efaef2df2e,HAE,Phone,Photography
967f3d1ea73143b00f975552382c908fabf6f1bf7c67c259cb45542f0cecb73d,HAE,Phone,Audio
96879dc727b28aebc7bf5bddd0da2226d7dbaca7e7cca539d0dba331dc4c5f29,HAE,Tablet,Photography
7d93cb8dfb899ff8e67aeaf20493c0eda6cde040933b159208af1f69fb1b0bd1,HAE,Tablet,Computing
4f9d21417d18da6b4416af9e76d581ec809109a96b1002f4433bf8bd8b79278d,HAE,Speaker,Home Appliances
5de5e740c0cef21456ecf47a9cc3f6917fc71a19a91abb1c5d6baa21d8ec4c12,HAE,Phone,Audio
03b8e806502311c15401f80132aa6a76dc671b5190755b2ebf52ed4ae223e0fa,HAE,Tablet,Entertainment
7c602fc8336db62fce8c86d960017174958e53f7a6dc464b90651ffb1eb0b4c4,HAE,Phone,Computing
b7b2358a81c325abe8bbfc7f54763df273ca57f45941bdd5c6e245dcdbc4ce48,HAE,Laptop,Audio
2c55e38f2ab5283fc6a4832c29efe0513c2d58527ca83c3c399fdc46fa35e264,HAE,Television,Home Appliances
8794e601f999ec2d8dc5e48226994c2cb9ce4c307a735b7a2e1159eb6f8571c9,HAE,Television,Wearables
bb91afc7bce30e6d621172c20daf8ea10516610639757987b8d6117ce05dd74e,HAE,Headphones,Gaming
1acd2485a6aec09a472a03f25b6b57a591d78db9c004efe73a1053a3a63e9f5c,HAE,Speaker,Computing
25c38452ebcf6aacfea8a41e447565ae2fd7847e25cb150c01fd39a5c5d4cd89,HAE,Refrigerator,Home Appliances
d2139b06aad4277843bbae8bd340479860cb76474381f7d54c8c9335e7478dd2,HAE,Camera,Electronics
7de6884a2dc40eeb6b27b2d462d6ac83e734f8c7449635ac241a220cf19f63dd,HAE,Phone,Kitchen
9afb98b9bc9490d70b54be6616a2542dcc4f212555ff17598d1445d03877dc65,HAE,Headphones,Office
349d2eaa94abe5adcc072a062301dbe609125c1e65bd23a0346f7f3bdf5cc490,HAE,Smartwatch,Computing
00538ecd1f595c9168bf26624c29024465818ee97462b2b77f69d0dbdf5b83c4,HAE,Camera,Wearables
31753a18d621e22c96a26b7f0e5b1e73eba0eab7e5a7e87920229051e57dd080,HAE,Refrigerator,Audio
9715c44ef0b615f927fea30e4274da479196f7b8363393a5a77da5605bfbe11c,HAE,Smartwatch,Entertainment
f996c492ff2c994d9738b4cb1b9a9dab4a0dd33148285c1335dc83343cad9d5f,HAE,Refrigerator,Home Appliances
bfac97975ebfa11019f6abfa0b187e6c8af6d510f8d54fd4848d1ea092346c95,HAE,Laptop,Photography
fd14a8e0da14a0f5e632437e186a122eb3734a416954df9e1b794d7d4c3c3025,HAE,Camera,Audio
6d5df7202dcd001c9a41aefbcc1a7031daeec920cda687757fac67e83f025e34,HAE,Smartwatch,Wearables
8ccad65dfcae33b0b3f28bb32329f2c889c37f618fbf1f17d01c2e65f2de478c,HAE,Headphones,Kitchen
1ac453870e737a0ba4a60b8df84d53a50a7d6f7c4962145e19943db35d2692e9,HAE,Headphones,Gaming
beddf795405852526cbc7e4ac6eae940ab3277a5a996c4f677c2afc34064484d,HAE,Headphones,Office
ea6f1ebb446b12f4800fc82b17dc3ed561d9c923f0f15912f9bd6466e8837b24,HAE,Phone,Photography
629cbecbd1a5279df9a59d8a8b85cd667d57f8a2ded63b9e7ea0780bbdac850f,HAE,Phone,Wearables
d27359e8ee844eaffefd734d967234fb80f5e58c92c93eb22c8f48dd7a7af909,HAE,Speaker,Wearables
7293f93851489d106b1815947bd3bdf5a4013edb29b658ef5056dcc567b9e2f2,HAE,Speaker,Wearables
14db8cb9549753e94d40e3626bc2068990854f73b1616696024618862cbbd9c5,HAE,Headphones,Audio
46e70784656b25aca1408aa93a37539346ab960117f9f7fbfe63070cebb78593,HAE,Speaker,Audio
014366bb137350d0daa70f9df1b0ff045bf0d8907cb551b6f23be8508bd990f6,HAE,Smartwatch,Home Appliances
c87b9ede552383d827535e80d00b29315ea9dd699a245933fe77d997ae179fb9,HAE,Microwave,Computing
b862738bbd47e2efce6a0a32b530d84f821cdbda49ca41daee7a8cfd2ad9e7c3,HAE,Phone,Computing
d274e63d45f937d5b6f04aa2e39e01a8d4dbf01cc9bc641f7d1bcdf0d2ba4fc3,HAE,Smartwatch,Photography
c10389246807bae8a630936c498700b0d7ccd05ff8e2a7efa59aa644147a5e78,HAE,Speaker,Audio
b546ce1b4c1accb7dec18b163d8410a0a3f448642edac6c0f57047a05d4f1342,HAE,Television,Wearables
669841420e9abf4a4f592c4cb389bf9cee866e52f94eda0bff9b796cd0bb9285,HAE,Microwave,Photography
f0b650399766ee85869884e834bf324007b9fc315fd55bc08d75aba4b8dea18d,HAE,Refrigerator,Kitchen
ed79092be2b5eca9090274fd3d77e988ed26a5ecf7537e5b03f9ddd4c6483fc9,HAE,Refrigerator,Photography
02d9a075d9ce831bcf4c2ada37b463d3bc1c366f4cff0e8a4d7088b0b4d6810c,HAE,Headphones,Photography
fd1dff2933382355cddb91ddd3d95fc4a2e0e93288f014cde656508a2e2f47bc,HAE,Microwave,Kitchen
b1c4fe538c933315ba5bae6f7b5da5fd67b8bd156e7a69bb43c18b93789ffa15,HAE,Television,Home Appliances
b02a63e53f6f0ecf7c60e15b48400e41479dbf2e745be19eb85ac9cfcfe8e8e4,HAE,Tablet,Electronics
ffa05170c74d7bef01d5706f33a35ab216c7019dc0023b563c331d1dcc771155,HAE,Speaker,Electronics
2c04dfe40d1c7ad8b8f20585649de2a34273a1f79cc70958f2442151dbdd0dae,HAE,Smartwatch,Gaming
d84058567ef6d0193e821298bcda1fcbf03edbb2ca8019988ad6e30dfbdfddd0,HAE,Television,Office
67cccd546879dd4fb921b7390c06d24348e97e53cb74e8d056202ae804be6f2b,HAE,Speaker,Audio
882510e08e79bc951d07d3f0ed547a0964eb02893ead802312ff90a7d66aceff,HAE,Tablet,Audio
551bb5037e783a83dad49a5a3f95e03604d783dee4f45c1277928e28446448a5,HAE,Refrigerator,Gaming
bfc2b050b98fa9f8bc0739d22620f017ab3edebec5b2d195c7231905aec21b91,HAE,Smartwatch,Home Appliances
eba6a456d3552c7084a3482fbf82b6ef84130b5799627c075321dc9baf360cc2,HAE,Camera,Electronics
de876338ed48cb6b45a126bf190999ccd6864c4d1c08e9d7a507fc4230020f68,HAE,Tablet,Computing
a7afb447b744299ff8cd95bcaeef91db6bba497dc5851fc616dcf4d350aee2e9,HAE,Refrigerator,Computing
0d59386fe053adc1922cdda5077296844fe4a1c0efbc11aeedefe5089a1c117c,HAE,Laptop,Gaming
b56aa3724fea14079ca67d85a909a97ad7769fc3110f89917b03ba2a7b40fae6,HAE,Microwave,Office
247182ee0ae8ad8e044a2216b19884a15393e5a688ca0d6b2454a5ecd891a274,HAE,Speaker,Computing
3f571d1174a75ac35c65300d8cc6cfb16dd0056f097344e379f397fa1cc34cae,HAE,Tablet,Photography
cf72f7dab5d0bc316eda03d98018e86c74003e4ed9123b5211f2bc2c49b3a73d,HAE,Tablet,Entertainment
480c9b79238239f5baa53d49001ffdf1c5604d57338d8ca67a3ffcc8ef3f9ad0,HAE,Microwave,Entertainment
f29b681c102bf5ef4caa9bfb5f391d7b356ff4fde21f7e655c0e538c25ae1d19,HAE,Refrigerator,Kitchen
18ada8b7cc824b99483b935650b303fea8865a1ca680a4103acef9545ccd5da0,HAE,Tablet,Audio
833caf0b7112fd7bc7688a11069c6afd104841ff188c811c32a9449ce60dd156,HAE,Laptop,Photography
a194a2d30a7c2f9cf3f9b9f0574b86d8930dcf955837b38056dfbdb35e60e07a,HAE,Smartwatch,Gaming
bfdb99c90509a03eeac3669f5aa924db3210f203ce1aef60dad9d7009eddc4f5,HAE,Laptop,Entertainment
e160d6bd949ddea379c4ce97a221c40ede797b7f8a90da64d3cc63915f4d3c5a,HAE,Speaker,Photography
50f057ec0060d0ee4276ecbc9f6417aa98394788fa939469ee086ff966a0d34b,HAE,Television,Kitchen
589e7575c56e0e73a6fc670ea8259d6445bfa062cb61d911b00b65bd31547481,HAE,Camera,Office
97a5a3318c5424746b7b9dd02b32432cc18cf1f39c07a7ef12fd10e43b334228,HAE,Smartwatch,Photography
13beffc1e85d5866b0a6d828515383f17058f188706164e17882355fdef9305e,HAE,Speaker,Kitchen
dddcf9ba71682143894edda7c77d1edec15ba45dc4d8ae9a83692a0060b3f86b,HAE,Refrigerator,Electronics
8c8f8b6a1ba696ae81d83fb4b2f2e19834713c3851318f619a24c295d3d28bff,HAE,Refrigerator,Gaming
c3a872c82153641ef8f96ade5af135d14cfa188c7dc14c137e2a95b5f3dc75c3,HAE,Speaker,Home Appliances
82ff6321a38670e7a0691505af02ca2ce40b2a1bcd6cc4b97f1892f3ba31d89d,HAE,Phone,Photography
c03a2b328f2b69492b23d65785904c80d947ffbcb9801855f009021597104aa2,HAE,Speaker,Home Appliances
f60326cbec6ddc2ebb456a06d8570398f8a92727b8bcef399a8335d374b8f703,HAE,Headphones,Electronics
6f8568b1741bea5804607a5a1d7c3d25e74079a2eeab6ec2a86c59b1f2657812,HAE,Microwave,Computing
7e5ce6ff318d844671b840eb7225f99a1351f079682cb6f2b6389fbe10793444,HAE,Speaker,Electronics
958cdecac3b9b96a4c005863b2baa6339f4558b7f787c55147945264d1ac2274,HAE,Headphones,Entertainment
795382f4f047a42e9032c30ab74ad5f8b4aa90ba717ac40bf18fca3209c25faa,HAE,Microwave,Entertainment
e4c52ba23fedb35d783fcbee5b63c044d239fc22fde6c693a3388ab5cdca7e01,HAE,Television,Office
e7053b8905866d64e27e744fbb0809063a532c36d8933e926cf540985911a7b0,HAE,Refrigerator,Entertainment
a8bb775f841f6417b78aab0aac05872a53e49c614ea02948b6f9483760890b92,HAE,Tablet,Computing
939604af47c55ba8133c2d44f050e99fe9230bb0912b6900d1ae95780547ef85,HAE,Laptop,Office
a4faccd8db6824b8b558f97cbdd4350d9403e13fe75a773189b1f6d2be8ba048,HAE,Speaker,Office
164a5d9e4aeca7fe46d32599a0d38c3e6213eb955be8910b13774a36387f933d,HAE,Microwave,Kitchen
1a1cf933cea26d87c06673e56f06790ed7060a522a2acd6157265e89d6753318,HAE,Smartwatch,Photography
3c633d52cae2aabd31fe7f4e70a1dc3f8f791c74cdd24ee51f2b7e4708e399e9,HAE,Camera,Kitchen
6a1727f2a2cc9fc85a79b510e81fe684d28a9207e4128ed3d171b592f7837fae,HAE,Phone,Gaming
deef1e482fec614c50e2a97a3a77951e5475ff3c60be61817bf0f3edf7c00909,HAE,Laptop,Office
33d7e09676e86d8de1a755c20843e85ecf0ea788383e4b3fa0a9e3daf603967c,HAE,Microwave,Entertainment
9c9d55e5b836074d94c2907296f55064cb4597168f951f199b4875030029f5a3,HAE,Phone,Electronics
a99f09132ff25f8e50e2b8e7ff89c3671aa2dbdfbb1d6641f185e482036c95c0,HAE,Tablet,Electronics
195ff1762fba96e6a8ede35cdccf6266b019230bb5a163e9aeba98768fc2a32e,HAE,Smartwatch,Photography
713eb83f4a3991577ee5df45e987c1b0e8eba201c6dc369946683b85845fd779,HAE,Microwave,Entertainment
2370808aef6a8eea56aa825b00178f65171516d592134819813190ad82ab1ccb,HAE,Headphones,Electronics
085047935bb24cb1294325bf6b0cef378b1c1956e831d4cdfa043a8dff76af85,HAE,Phone,Audio
e0f60b5acd8255281e8ee2c9836fc5362a1082fd8bdddb4582cd279f37246554,HAE,Microwave,Electronics
2ce6daa436bf5e017c029df3ab996cb0651292cb8407ab0560a219263c6f2411,HAE,Refrigerator,Kitchen
3e7dc30974c54517127013dbb53f9bdadffcf976ab54d2758a1bbe2d45b4d9f0,HAE,Speaker,Wearables
08c9c6d5f801ac160e80589d21e2e7e5615f70a987a27f271e96c24db8d9d4d3,HAE,Phone,Photography
9dc69318fe976769c8a7243983fa6e291c04d50ed9774f4bfb398b21a2df08a6,HAE,Camera,Photography
bde488615d641a280160672eb00f6ccb4eb226ee3e9d0aae675084a601f574f7,HAE,Phone,Gaming
d0c41728b797594ebe866609c5bee57804d00ad90d4076f23b73a37a763a241e,HAE,Smartwatch,Photography
71f3c66aa4eebd588cc70ae2f84f2f258c85e23c68bfff766dbe1c4d1c96ac6e,HAE,Speaker,Office
a29a5257fd5fc76170a4490748933eabd3ea67a8578477c83d9ce372439b4f02,HAE,Television,Photography
ff4ea47c3c0f56495f64ab6cba88b8eec7eb7b87ae9b41eef1749626074f2914,HAE,Phone,Wearables
2f89ba76652b3cb5f64fa5a992572e1b3e1adfc9bb0821fee4e62e80fdf3232f,HAE,Smartwatch,Gaming
f7833a8193c3fa6ce8dcb91f5db8d35119326e49a174d2b3382b5e60c427aeef,HAE,Microwave,Gaming
b94a1d02bc2d9c99137ed14ae6561b5a865fc0c95e6c45dc5ad3d9b8662a5c87,HAE,Laptop,Entertainment
dcdf564e736894e3d2256cc4515c6e2e7cbb5f60dad52ee69fc166befa792118,HAE,Speaker,Gaming
4240c0f604f378ec10c3de71f87688357a0e580e7721ce2c2b5575ac68b21f9e,HAE,Refrigerator,Photography
69cb6c8861c3f445dfc0b3ea919edfe929b07c0f1e970d1fff4a26fb5921ddd2,HAE,Refrigerator,Kitchen
81f4309a62d50d6cbfddb286f321b9506082aa7bc48b09f1d9a9cc30dda1af6f,HAE,Camera,Electronics
31d2e73bc82276eacfba1e76d790f55c450b87814621be016c5cc03181a255f1,HAE,Phone,Wearables
aaaec25fd899f026058d14f7c7f45f99675acf323c55486a937452092b293fc1,HAE,Headphones,Kitchen
fc840a03071ffda60ab664a4b780e46a766838258cfc322041988b27f192da5d,HAE,Phone,Wearables
af7425b98aa82187e1c4c3b28d8df9013f63b11f25463a87ad4dbb2154dfb07a,HAE,Headphones,Wearables
cfb3f9c75c81e1648564a9d251530e160fc3151fe13d92d14cee75b73fa5eb18,HAE,Headphones,Gaming
f4d4303c3d4da74c8911994ade10c3e0ab33b57ce51b7ac825d293240d44dbf9,HAE,Speaker,Electronics
95cfb628be841b2b323f58bcd21c6d60128b0118afc64e5a81208dc3f78547a1,HAE,Headphones,Electronics
d392643882093116e1bcad1b28f4dd19ad09f44fbd832ba18452303de482fbce,HAE,Headphones,Entertainment
1bac40f2ff45249b358d0859d8a69a4fcfe840afb4a36418ef3359358a3f91e1,HAE,Speaker,Computing
4d1273a1101f4d0f0e24000dacb407198dfe2ec2fbf073da15d494c320704fe4,HAE,Camera,Electronics
e97df0c4c489ca42f7d3a0037ed9a08d350b459b4e3f183e909f8ffd2272cdf1,HAE,Speaker,Audio
06e545db70dd04506d39adf763b3df2901388459bc961bdca3d08a7fb6fd154e,HAE,Refrigerator,Wearables
8ab915fe51a906a46dbf7bb54a21ac4dd366c0699eafc03fb1c60c6e79c97690,HAE,Smartwatch,Home Appliances
57c51210293c21721aa8f27606820c8962b8bd571a2832ff731232a4ff3da8fa,HAE,Microwave,Entertainment
cb27606a7eb48e24576359568e02dc79ec6a4b0986d91940a91c0de96bf43280,HAE,Headphones,Gaming
bb48685514546b48053c0bce970452bb3a59697ce9f1876c2b6f40eb1ddf00f8,HAE,Headphones,Kitchen
e9033176814a3460c28e3674768d618abaffd0c46a3c5f96300a42412a9e3560,HAE,Refrigerator,Kitchen
44c1a3728b7cf3c39c46a4e4e3ee54775262611a06e903f99d298290a4412682,HAE,Headphones,Gaming
27a62c107b9242f2e0463770aa6fb76c0670106e0eb028edcc5841a8cf57bb88,HAE,Smartwatch,Office
99d9e3e7c1a41971327aadf694445c28e4985f35b6f199f3abc5fb6e1c5f8afc,HAE,Phone,Home Appliances
90a614066676cfe3a3da871299782022efa3a2bdc3b419114963f36a7dd07242,HAE,Camera,Wearables
3b08bb09fe697f24e5c2efc7943b70366f8855159439846d27ebcc30764c03d0,HAE,Smartwatch,Entertainment
c015314227de72ea4fc31b854eb5d5b60fce5cc537e83d6ab70448f424725eee,HAE,Phone,Audio
cdc67a8bc68cde9ae34b82b17635ef0c996d82f2392da3efafee4d928ac199a0,HAE,Laptop,Entertainment
c99c7536cf12ca919db93f3c2f09200cb62e59e9cbffd2682b61072497bd6a78,HAE,Smartwatch,Electronics
b51423e2c5f20f38c8a548e3d546ed40d09219754e9795fbee2bb1b80fd7b657,HAE,Phone,Entertainment
3834174c702d6150f84f8a4c4e47b8b5eec2500762af6df351f76b24cb660ed3,HAE,Camera,Wearables
ca4d7c07645b684bf049e79864af66e252992c9eb4e9cbb1c407fe6859cac764,HAE,Television,Audio
4ace44aaf7c55e559d3d838c4a50bf48bf6d1213099bd1c0d0cc2fdef97e07b5,HAE,Smartwatch,Gaming
a6864897177831db7f7e570631dd058547026ce89d7ce3c27f6748e66c426c78,HAE,Tablet,Office
03b7bed56ad06d68eadff2ff6af7569e252844f3ca9b30b6ec6507a07aa91e96,HAE,Phone,Audio
9f8f0dc751243bd4f5fe1f159b032dfd1d42b47673706d3674c41e43057797f2,HAE,Camera,Photography
8a4ac3dcfe3f1a41c82b5d28866f2a64089a2a0fd7f19487b3f32d6a667afc5a,HAE,Microwave,Entertainment
6eaed024903102e08e9e2a5355c5ada841e066c95b3c7bc831162db4fef2bf3c,HAE,Microwave,Kitchen
c906e44627c04dd0009bfeb8a992f54fdab750c5b0e20f4c401588629d546c0c,HAE,Television,Entertainment
2c7a63fdd254ed4f99a7966017e19a38a33fa2323f107921efe0565c269be979,HAE,Camera,Gaming
87f5ffa8560d907d25c2054d46124112560f54b31fcfd64f6ab3dc486b4e9890,HAE,Phone,Entertainment
fb8b52e8f512c0119385dd53aff15c14208609eec9f5506315e5a304fdc9982f,HAE,Laptop,Entertainment
d2090d58d71cd5d92f028a0ad55881dafb307fc2014592fbb350230adae7d560,HAE,Headphones,Gaming
ef0b80a2441400af9172c8acc8069c5710de714e8ffdac448f5aaa9cfa8ebb3e,HAE,Phone,Entertainment
33e46d84907324764bb5012e744aa9a660408f8ab4ec5a849386e59a3dca5566,HAE,Headphones,Computing
0dffd504240cb3ac8784732c75d35b9d6c527c621b015cbcfc821cf4153d958b,HAE,Speaker,Entertainment
18e1c98296f9358e8997725290ea2f7c4cd4ed7f24f0831b690e87885678aecc,HAE,Phone,Office
f9b6ddb46da01aadcc7c5822c2e4e39148807481cb06ece994082e4756093b00,HAE,Speaker,Audio
0d8ec42ffd053a1adb0d19f9fc98d31c80fa02290c4da51a64cbbc5e5482e814,HAE,Tablet,Wearables
6465fe6436f018626d7899180e522d48ddf3ffb0686ddeb529e92366e4b3f149,HAE,Phone,Kitchen
b0f0415319049de4612b6d2b372cf42a592ba441e3a150256948c4aa8aa17e09,HAE,Television,Kitchen
6897a7a23ca44b608ff290f22d63f15963a074f741088865973dce9185fd6cf8,HAE,Camera,Office
b974defa5d64df8aaa3761433db1e429161ce51e437aee2e60782a3cad8a62e0,HAE,Headphones,Wearables
ca93395943f870b64b46d9a5c65ee092087fa9b0df296fcaef48ba31d7e90a8d,HAE,Phone,Wearables
1322cbd211a4182eba2c8ea9807796ddbb66219260332dbf2164d1b357503558,HAE,Speaker,Wearables
412fb1bcaf27cb4a34b92454f1597c00e215dc44d43521a53f050c21d5e7c8c8,HAE,Microwave,Wearables
0db3cc75154a3a759d92b1407d25c7e0b53e87032996ba7d51369e45ba5d6f2f,HAE,Laptop,Entertainment
a8af1c234ede5b05825df3e30dcc00258bb9d61e83d04fd7a38d2e87b1a735c2,HAE,Smartwatch,Gaming
9d077fe81370ddfec247bba385c0e1d87dfa4dff16c769b216f4a90a4ce15ea9,HAE,Headphones,Electronics
47641bdb88f33f597b3fc224d9c5f475ab2b19c10d00e97d2ba2fc3438e822c8,HAE,Phone,Kitchen
b33767b22865eb5d8b00e69e49c2212fff8384548065f314ee4dadb46b0e4d64,HAE,Camera,Wearables
163a6adea154b24c58c1808923e311b8da127ea78ba5309a9bf52cae043059de,HAE,Laptop,Kitchen
77708c39be934b17b4a947562d6d2f5a42ee13965d2a8ab58afa1d43b77e8803,HAE,Refrigerator,Kitchen
1b66d9b306cfc9022f44a36a633bd250012687f64817b7af3302e019aa5608f2,HAE,Tablet,Kitchen
ba7321ce5091a99fa80c2d4f4622e3d23b811ec487de91f13c0c51aa43db3851,HAE,Refrigerator,Wearables
df936f28d9162f6295ae8a1d0793eecdff811f83b06cc071cfbf01d407ad399b,HAE,Refrigerator,Kitchen
f487179090a4ae5641684a59cc7f69143c2f901ce2a8eae2e5ea4a85e35872e6,HAE,Refrigerator,Electronics
a437d27117334fdff481afb08927500635f7912cdd9387c81632e57760ccaa93,HAE,Laptop,Office
f4ac02f337eb0a41347d9edcc3082aa3f7cee96e46dec31e16d3150844b35184,HAE,Laptop,Photography
e88d9c8ffc4d85fc5ad682639f3f7764a0958454546c9b10ad2c5533691b2313,HAE,Speaker,Electronics
256c1ba6df05745d41107948d7849184926d771e3612df05a071fb145b95ed68,HAE,Refrigerator,Gaming
6587a1456396d34a5c12e4255d18a43e9934aa2f64ceae94bcb3ba2aa159ea7d,HAE,Phone,Wearables
177dce4b49da5051b1345e4ae83d99f32a677c26b4dda495101e837b7e633d8c,HAE,Refrigerator,Gaming
52d34973764a3458dcd25a85e8c37bb4e61d2d27dbca2b29f541265b13f0fab6,HAE,Smartwatch,Photography
21e159224c9ab05711d3af62e8eeea9d3c01d70e6033a50b9f829b6f8ffb6d6d,HAE,Television,Office
2cae6060ec48b079fc843482d88cba8a0a49ff1516014fa77d3a100461ecf737,HAE,Microwave,Home Appliances
101c4eab3b596f447704b1477924d2182655081a9ceac187097c3874e1378f3a,HAE,Headphones,Wearables
5db1dedb7526680e33f8048bcb4d2cff07403f523d9e2950db9fb99ff5738642,HAE,Speaker,Kitchen
1db8d971469c467e5db7531817c3ebe3f87e4c84c128fa19adfe53ca77147673,HAE,Phone,Audio
9782365283c62258a21fa7b3af942d3c33c7f9920c4fc3e3dd8326714ce7569b,HAE,Television,Wearables
4dcda834df2a7f7c7e387eebb1b59f8b8a40a05735366be1b9fc45b0659138dd,HAE,Headphones,Kitchen
8527d00056add992d0957d5cb00df5122b0e7a86549b439170b131f348675178,HAE,Laptop,Home Appliances
6af7dca3de06f166c77dc9b0529929b46d75dca38661639664f2e9edd3b05a6d,HAE,Laptop,Wearables
b4631f7d8b799bdd628fdfbcf0a659fa34f1f57768dbd4f7a14062f98de76af4,HAE,Microwave,Computing
ea3736b9e584cbb8bff38cba93e04b96f36ebb4eaa2b07112ea3a811b134eb52,HAE,Television,Electronics
5485807540edee12615716d9df785eb80bc4c9c22a802efbb58e009e3047809b,HAE,Speaker,Electronics
5b0beb828efe97fdbec25591e18c9443b7190c66d98b576c881470628bf9202b,HAE,Phone,Computing
7232240ad2d29968ff1b75776f12422dfc4db69b9983db8407b14822d2049346,HAE,Headphones,Photography
6e3f84ae102f871f80876b39781de9fe54b53078fc42e971c1f7e74002855048,HAE,Headphones,Audio
3896308b8bfd213ad65f5ba986d98e6294e3a55c228646c2abcf747e07c12e43,HAE,Laptop,Wearables
123202e7f843cc124343e27953c020e7e3f4134aa19f8e02c7965ecaf94c626f,HAE,Camera,Audio
ba0b0cb91f6b8a769786b6c7c7bfa8d923fdf1c6a898d81eb701270a1400a2f6,HAE,Headphones,Entertainment
abb0cbba2f7e7c8a13af3830ff41317d9f84c658aabef76a1096cfba3d6689e6,HAE,Camera,Kitchen
3b98c6be98a5e06eba8b4fee78f98f44007ee8e836d1f227d07cad42737cfa2b,HAE,Camera,Office
738ca922556a597d409c44c8faf22bae805c6cde50bd2d2bafe5fb829c5ed73b,HAE,Smartwatch,Electronics
9c76ec2ad0fd60d97cf5484d53f8a36fac72990342763734625851795b7d1c9b,HAE,Television,Electronics
11cb18afbc929467e2526b005fc15a26217b2daf2f6a66b9b976f023346ba7bd,HAE,Laptop,Wearables
7f0977900f568307bd712cb3eb6bd0cb22e72b89d679596e92d1c66b3779fad6,HAE,Microwave,Kitchen
c4b8b41063390126ee09464d3c9a07cd3402eebe6bb3b480853d9224642670ad,HAE,Phone,Entertainment
c149dee400c71115d7905edc0b94db2b4bf91b71d8b986e0aa11c2bfaae773a0,HAE,Headphones,Home Appliances
a6876e1aba879dda0994596a36cd8fc6c847593c4ddf936a0abf62351e681262,HAE,Camera,Photography
0120df5ec3b6335227fe9b0a6d481c518ec211c4d2b67b134af31e1770275a65,HAE,Tablet,Photography
cb6a6f562456643e0c86d93f08efbd19f58485e98e2b868863974820c429eeee,HAE,Refrigerator,Wearables
bb6eeb736242aa69af5707a2ece485f91be8b934f9d5e7a4360d1f1fefb89ba0,HAE,Camera,Computing
312d6658944d28bb0e6119e22be0007402308322f4ac28d8710415dcdf588302,HAE,Television,Gaming
74ad6c9b6c5e55420f40c090c091159d75752cd042eddb1d6405639dab8d533d,HAE,Refrigerator,Computing
d0b8ebf1e0fa04fc540c6a02a16285ca916ed1ba811be20b34bd2140aa1505fb,HAE,Refrigerator,Entertainment
e1d1f8635715ad851b9fe34e84139a7d5af1c82e7ab29e5477882f807fe3fd06,HAE,Phone,Kitchen
3f8f8f56271afd73336886fb1ce1f6b1d9c4a38bd4704ad624b73f294faa247e,HAE,Headphones,Entertainment
553d43cf253e814942015353fb5d543abdc065acf02507b225612d5ba8c72b6f,HAE,Speaker,Computing
b35318e4c6efab8513154926348873d00a915a0386dfd94f3e05dba86cb4daf5,HAE,Smartwatch,Home Appliances
35f1bf7546f645fec9dabe77beea16ce9c2ba25afefd878b8770cb0d6909a8ca,HAE,Laptop,Computing
a7ee825b135105852a61a6fcc89d8364fed7aee943181cf3edea743d9f996b71,HAE,Phone,Kitchen
4aee81db2e07242574b70e87fe25969f3adfda2ad9153a1b7167d487f2f709a0,HAE,Refrigerator,Entertainment
4053783d49fa8675ef9f1e77aabf4f19ee1a86005d91cb6515eb9afdee946129,HAE,Tablet,Office
5e36ef76d4b3ac536808bb73fac98a39d26378fe64bb120d77902154aff13fc7,HAE,Microwave,Gaming
f1adf1257e963aa180ffc6d67dc0dc3e0426c13e09b818efb55cf8c8d4867c31,HAE,Microwave,Audio
6875a7d0af5c2eb0084b8860cbed5654fc40040d76d3aab7f67377d652a0ddf2,HAE,Headphones,Photography
5cfb86f4b481813dc91366f3287131ce549f02377a0048741ecece186368cb13,HAE,Smartwatch,Home Appliances
93a001bbe2bff5bc937306e70c22b1f415db678f2a0e8a192acc8bdb2c604f49,HAE,Phone,Wearables
efda9a67611ef90b5ead12da23e65494ff24b4e01e921985dfb9e9c4c0a07f8f,HAE,Headphones,Wearables
f979644660a1bdda56849636c002fd95217043db4ecd90f1b698c495699661e6,HAE,Phone,Audio
aaf861e62d393a52c5e567a216cac311ea38c163072722f5f7d70ae9e32f9568,HAE,Camera,Kitchen
8090f8e839c7cf37b465064fb71185932431593e53ff3baefafa8e3d5ceffb06,HAE,Laptop,Office
59a6ada84fb4c4d765158e97a60f6da7eea2cf37dd14e5981e3996ce99fc8eab,HAE,Headphones,Kitchen
3f90dd44d81fb1b562704061cfcc07a52958462148fb12ae0c4019ca2686e753,HAE,Camera,Entertainment
623e7319a4cef6c0dcb18641c705718a529d9d33b89e8f8f3fba59201461a136,HAE,Headphones,Photography
5f21c4ad6bdaff8ff810a56e6562399c4f04701bcbd757de2744ea2089611827,HAE,Phone,Office
646f76eb742414c51b4c9c0e237860856877224c34e4e64a35d32fe767ad8ad5,HAE,Microwave,Computing
294ad534e133bfdee61074a5a3bd81b69a228c81730743ed42add5d53bbafed6,HAE,Microwave,Kitchen
1372cf37fe0ac47e0b9953b456e8320f34eea22a0c3f8354050a007a0479e3e9,HAE,Speaker,Gaming
d682fc820a9148fb3ec1626fb561f6a62cbee9a302cd1cf80db7f25593f7c972,HAE,Phone,Computing
151e7e03b88611465cde3bd1b255785660e6a52f582c9904f31b261ec656eb8c,HAE,Camera,Audio
65012d73292d403a554d734c94805bf6afbe9cdd8390a4aa76b6f588acd0e948,HAE,Phone,Audio
4a7a0a4854f87aa23036e61f160525e62d33b4057e04a9336a2980883048dd55,HAE,Laptop,Audio
8cee51092788a3c60c03969422085cadb662b4a78476eff026e6342cfccf5867,HAE,Laptop,Gaming
b672783c1f40c4d464b9180f829792e5397402af02d95ca8b86e2bb2a1adf127,HAE,Television,Kitchen
fd760d50d9c23aa369a22976f422028793022c90c42fe1413ecde3bf1abc52c7,HAE,Laptop,Gaming
2d75865290c6bbc663a0c10af7ad3fb8970ff95428f7ad7edd50d637afba91a5,HAE,Refrigerator,Kitchen
91854340f2569d5991b7b0736c7726ae1a373e1b99c1b5be4672ea99aafdc806,HAE,Speaker,Gaming
3cf553671455f0471bed18b25e8a28e5690500dbb04b7e8910c89f96bfe6aef8,HAE,Camera,Computing
288a2e5cc0e82a8d63d9d3bdeeaba96ec8885949a97c52d81dfb328bcc711c42,HAE,Refrigerator,Wearables
69565701ea02ec25c61ca9ab5ba4b24af0def8141ad2a3dea5db42cb7cfb38bd,HAE,Refrigerator,Electronics
c951c6af8204cf9c8245d5de3e51ab367feeff5f495a02ed28416f6cf6026c68,HAE,Smartwatch,Office
efb31de13f6dc9f6cd0759aaaee8e66de632c5b4ee85fa59b43e4e03c8983f51,HAE,Refrigerator,Kitchen
831981578374ce44dcda1f8dffbec85e2d42aa5df42a0d4aab44a4ee201c8e7c,HAE,Phone,Computing
1672ed1b6404c0411d493aac2c6e527b959d822f2ea3ac97a6f9624dcf8f3b3c,HAE,Smartwatch,Electronics
37f5f1925297490988ea700eb3d0f87d34fe71f03c1fc2ae4a128bde1aa23485,HAE,Microwave,Electronics
fd87243e7c6f5a79ae236cf1763a5a0ec58679195fc937f7cee70952bca8d45a,HAE,Camera,Gaming
ac9349c8b31f9ccc6b6a4e858b5f0209ce4f983b0ac0449bf184d537e9160f65,HAE,Speaker,Gaming
04b21703e59786a3a2d6d7274f9a3f5f2b273a2d8f7531f302d28dd5411dec4a,HAE,Television,Kitchen
e3ae106232a5873f6146d788da6abbc4aa12ecdbdd140db24026c0fe0f646047,HAE,Tablet,Home Appliances
22d885d66e59df5f0498fad5aaf6213d6be73ef4d57b752dfb9f6fb1164697ec,HAE,Phone,Entertainment
095c9375f1411c2da960781e91606123376f0e838284c40cd9920e29dcf238eb,HAE,Tablet,Gaming
5042ed1a9d83252134ffb301b1c4056d0c36029aa8cae4cfdd45a2d05c7e1024,HAE,Tablet,Office
7f9edebbcf70af585c936f6528c8717f4a9166def65c11fad83ca501131307ee,HAE,Headphones,Kitchen
22bf1e00209b6cc200e8677543f448e8226e4e4f35ad68b1d5de47c1e18cc669,HAE,Smartwatch,Kitchen
4d0bfdda718446b978f5a97247fb07898a1cf04681fff8c41d6abb7871149d0e,HAE,Speaker,Electronics
c693d18c55c519cf43d3ce708de7f34a65345dcbc726fe652b32673f480cda73,HAE,Tablet,Photography
378237fee999c67f88e9a12a1a28d542becd5788e7a4ec147acfe6ab7bdcdd48,HAE,Smartwatch,Office
e7aafbea7889bc7481a414eeaba413bc303ebd5be10f8429ea9b02a04d27b69f,HAE,Television,Kitchen
ca466d10c4307d07a0e4ea7e98748fd1886649926e776d7e6ddd2c0bb393529c,HAE,Headphones,Gaming
b0c30b7af9afb814b55b0c72529a4a812ed7982c9c38607b4754e6eecd7dde49,HAE,Smartwatch,Office
745737327afa132de6c77a352cb15fae51ebab34622b4eac23094b063189b5e6,HAE,Laptop,Office
f429b853f2071b162ad4babb74320f4476deb35e213e823888925e87c0854a60,HAE,Laptop,Kitchen
dadaa9cfe91500f1460f5c4f58474f4e5a5d9a5918914518dcd57c35bd27080d,HAE,Television,Audio
b420410f7ee451e174adeb2f7a9aa799d656a9d39978ea0fa4c178a8ed7fa91b,HAE,Refrigerator,Kitchen
97dc1eba481ead9baa398cf79542b4c496853105c4c715fd993d1c8f6b006be1,HAE,Refrigerator,Entertainment
bfa296f26cb5379fa09d2c6f7d5fd7380c05cf0844e47ce2e954b7df70f8a62b,HAE,Television,Electronics
00d62b5a5cb173b15e8b14061088eaf3a32874f54c1aa740575fe3f234d326ae,HAE,Phone,Electronics
f528277bad870a78aba030442902b516035e3499116c2f76b929b4ecff84849b,HAE,Television,Gaming
57605b17f2f7d50af3d331f4c52d513184b1f745e2aea12c88bf63d0fd7714cd,HAE,Microwave,Computing
e5ce9b4ff43206e14f19c286e6c90d17155b2509b60088705137bf87c54ca214,HAE,Camera,Audio
1e3ec047405c6da250b2237adac25688166330f13fa0c8f0742f6f9d0b0ed7c2,HAE,Speaker,Wearables
e7210ba9fb81eefb164b2022891d5f9861cb0b5f9f0a12cba79f0eef11837a8f,HAE,Phone,Electronics
e7b72599f2c5a4a1f6440fcf860a7d97ee5566a45817b8ca1e683e214732ac16,HAE,Tablet,Photography
8e3605a9ca003db73b96f897bf7db71edf803e8ae63ee92bd13fa122d6c657d5,HAE,Refrigerator,Electronics
edc1b0d42e8e282fc9ee794675e62410528120e288180b53c8cc698b606876dd,HAE,Microwave,Photography
981affc9a4619d60f1fbe54cc9a53b757a6b7c8526304c56a75636bf932ce569,HAE,Headphones,Entertainment
c515dd683be13f4f49184e58f53443811293403c0ebc1d091cacb49cdcdf394d,HAE,Tablet,Office
8428b39f01fa9e05ecb96f01400022446b5290b2acda50134ca3fba512e999a8,HAE,Laptop,Office
8e40c92dcc24fbcb2193ce7b5aa0ae4e11cd354c529ba301608c56211ff395a7,HAE,Refrigerator,Kitchen
46f734f72912e0505fe09d57469aac64f4bc967b61dce6ef5ee692696cf5dc07,HAE,Refrigerator,Gaming
a7ec1bfc5053b54af886a1dc3c96200d37b9076ec431bc0f76f3736c8b49690b,HAE,Refrigerator,Photography
924b544d4eb54e585a7d98b3341fa431cb9ef28680e653e6b0ed37486e16a632,HAE,Television,Audio
07c2148d11ebc7c37b69fee6241bcd1c9003283d3fe876b694bec730164a8134,HAE,Phone,Home Appliances
82b5d86c7290ce85b7aef8e0de95a556aaa7c1f78279ee60ba83bd79bd28aabb,HAE,Headphones,Gaming
658b1e8c1cb488fe70d41897344ae9d4b87181593af26956b832d7f7856ebb47,HAE,Headphones,Photography
5f63faa39cfb4cbe52743e28f9398417075ef70699ed19f233df7c9620e52ee1,HAE,Laptop,Home Appliances
38bb632ee51cb6c67c42e605d2ac814f7ff561fdbfa4434834011f5c1e5b65f8,HAE,Speaker,Home Appliances
d2290c3c93bd53f227d9a5ec1dd153b48433dc92cc386a742a9d9078f1ed725a,HAE,Laptop,Audio
8f345c5a5588782c044d546a1e89fca5df2ec685ad3e7c5bc988b42ff840229d,HAE,Phone,Audio
26635630898bb8113963e21c63d735a28310b71773ca8a83a7f86c1d0eac6bfc,HAE,Headphones,Entertainment
03200a659e145c58fcf94b37d801efe4a41333790978bda1f2a7dae06f128f78,HAE,Speaker,Audio
87771fa0d13d83c4dc192a564ccbc93f62775d2b153e67e7ef7a05478e6893a9,HAE,Television,Photography
6f482d81358e4775b17dbc28ddc650fb959206007e7b67c763eea75c3351bdf7,HAE,Microwave,Kitchen
b7fdc0b317d12e57102fa1071f16cf4aee4398f101b85bd14dc20fabe88272e0,HAE,Phone,Electronics
82ee42cc09f7c443a9d65920b6e0af0cfea902ee9024e80906af3f3aa741ab6c,HAE,Microwave,Gaming
7f733e3fc45d5edcda085dbc2b646d2279ec67b51fa354c11d01fae0a2f89b05,HAE,Television,Electronics
5a2a46b0cfa6b257bf9bca8721cd089d1884f5f2f68d5526133082eb892e47ae,HAE,Headphones,Photography
e0a95b46aa668f51981ead57f42ef9349c44fcf05e9fcdab92235b9f22e26527,HAE,Television,Audio
fb2074390c74d876cf105050b1e30a63337377e70070d51ebc074531cae189e9,HAE,Laptop,Electronics
8b35452add21faa527b97c968f897a1f0c8e9e3dd1eff9243d3de83ab17f517c,HAE,Speaker,Office
f7dd6bffba9bad29661981ff030b41f3cdc4b37ef39b38921a9002f05817432d,HAE,Phone,Kitchen
9dc9171bda67ddea2d595b338c50581e6e857326257a931ab4f0e5fcc6a9fb0d,HAE,Phone,Home Appliances
14fac578d30433ff961163655175e37b5963224ad594c34095e69a7230f66157,HAE,Smartwatch,Gaming
b0ee0c6033df9e824d2770c7e1e108b1a4b17341a173f38fecfbe0fe10b1599f,HAE,Camera,Computing
cb608e7834afcb83c4b573fdfbd4ec0df3cf52a7d8bbff232d69190729e920fe,HAE,Phone,Electronics
a12415bf3861f09fbce88cfe3e76068d56053773ee73069b7625d5754ed8c28c,HAE,Headphones,Electronics
d0c448e4d4e560d47be22339309f2318fae89bc9e4aa6f4cf6c4d1aa006d6047,HAE,Microwave,Kitchen
a203b0d2ddb6a1c9d60b8e9a1eb179252b5ddfccf86646c3a400dff846153f17,HAE,Speaker,Wearables
ee7ec5668497b78200dff3c54d213d4a969e735745c4def9de1dadc9c2a5881b,HAE,Tablet,Entertainment
0a7f3b5d31317bfea300e2cf50b3ec21aabdaff685a084b8708df26c46d0f8f5,HAE,Television,Electronics
148d0db497067d89186d66a05841f2ffcf79196d7c1e02b61961d7fa293c887c,HAE,Camera,Wearables
f42c72e5f2333d06d0db953fef451b43cf52b7c25e4b22aeceed4a3d431dedac,HAE,Laptop,Photography
5a8f197ea5f80972b95db5afc222900c3c93546dfc4e808cf3e546653822f2f4,HAE,Television,Home Appliances
cd4a31f3c5469be5fa12169a7048d65506453122d3fe5af44639bd781cc1a97e,HAE,Television,Kitchen
2452d136a4a7ca94f5b09126e797769679781abc431d109a1179f01fa9bc8b36,HAE,Smartwatch,Office
98ca1dfde5a0453335a39980bd754e586bfe40bb82bbaf06d3068133ec43b266,HAE,Tablet,Kitchen
8e85610ab2c73d7895858e21e7080f3d103d21b15547ba10827625d2702510aa,HAE,Laptop,Photography
ef1b45c6a80b9fa20c5b6e1aac4caf29da3f5408e6567d21b4c17c16ea836662,HAE,Speaker,Photography
d2a675237bd60733e6da62c2249e5b9c7ac1b2db0498ac4341d4c05974929a68,HAE,Speaker,Home Appliances
ac23366ecc23aadaf974e5a41fbfaf67a200eca84b885de55d0a9d0dc9998f3f,HAE,Refrigerator,Gaming
711faacd9a63ae5aa49db8d20b2449e00fb58fc3757ffb04d660a428c17d13f6,HAE,Microwave,Office
56241e1bcf5a200db9ddb792f09624b98cc442db9d1400a086922c33d30cc25a,HAE,Camera,Office
7bd76fcaa9a1cf972676a35ad1a9693a4bcdfaf25f3a36d856fc8ac7cb228830,HAE,Smartwatch,Computing
1c50e44f5b73b7d12a0f93808e60f9d1fcf0c03514a199fd7e23c2282bbeb964,HAE,Camera,Kitchen
cf630bc458253a3b3d5de69bd34b04b7c8d2e4337577fb538173bce3cec59c83,HAE,Camera,Computing
e20c7d673286059a40dd72d9b3e5c17bb6ecff904718f19175b48ef07bc93f7d,HAE,Microwave,Electronics
47753a1e8d781bd24e1ad1c170b60db996747d3e92ab8ea4d4981f3f96bd8dd1,HAE,Speaker,Audio
8d0caeecc16b3506e2da05aa52f81e046acb92cf63e43c1f6a43460577fb11b6,HAE,Headphones,Entertainment
64bdc335250156a257aaa744e868305e7928f5f186cd0655e3ab9437ed4c3c35,HAE,Phone,Audio
1f8e9cbe91787a401b8e6469af1c28dafe8da31152e6109b54bc46f2415b346e,HAE,Microwave,Home Appliances
8633fac07ad0f605d371928eefc0db6bec6970342b9926bd2986bc8362e5b7a1,HAE,Camera,Photography
2efe6ec3c33c1cc6b6bd697d3642352018d1f69ae370581c619913cf757402be,HAE,Microwave,Photography
4ca5b5855d5d160660b90215320d24f4ee1e6f6b6f60da5b290adfbb1431aca8,HAE,Tablet,Photography
720fa31281847c14cc1a8643e193ce53dd54de249470b7e72c401279b64b32b2,HAE,Camera,Electronics
98811f9cedc53befb2ec432ac473f73ffb333a15dddc645a2ece7af7be8e8385,HAE,Television,Office
ce694204b2a060ac663301f31326e799b1d2270e6c5819dd762e8afb39a9d3bb,HAE,Camera,Wearables
abd5f53401b46ca84a7bf54a83235ce62bf3834d6f8ddb50854fcf282c416470,HAE,Tablet,Wearables
5e901ef3211f63350444fefe80c40dd13119cc3b1b5426eb646be5ea3f38c97c,HAE,Tablet,Entertainment
93aa364670c283b6092e6ff6de845104e0092f861180c5900a4e8ddfda3077a1,HAE,Television,Computing
5fbe1a959603d101576eeaf6aba680aafc38c2dc9235a15b0aad88e7997beebe,HAE,Tablet,Office
62bb7cf589f12638b161c4843ecdb667d7fad7d9316d6c6d4e1a36a49c748823,HAE,Refrigerator,Wearables
fcb017328e91d37bb2f19f5f9e84c2a9c34f0c5af8f9a9ffaeb23a4eda8d11db,HAE,Headphones,Wearables
cc34ffe3d2f3998c548a98c1fb74ffddda91dd291d8615bf4a49d4e87bd8af1d,HAE,Laptop,Home Appliances
9edba94cbcc3136991de8aa7a7c9d2287b82d267d30fe67088de26f68559e731,HAE,Laptop,Home Appliances
ebde6cae5b40256929ccaadc0f7279efb2984585df5791c026312a8e77fb57c0,HAE,Smartwatch,Audio
2da76b0a5e51d52d67d7f197b84b01951aff4942cc462bbcbddd2ff3c983520b,HAE,Refrigerator,Home Appliances
97cc95ff5ee6331207cac2a09b62b549bf18b54afb47d2ab73fc2d3f5e9f501d,HAE,Tablet,Audio
b1e7979f11449abb31ce467b45da3725b0ee320d8a5e14794a130e447fa0ae1f,HAE,Television,Home Appliances
9fa7ead57389afba22cfa2e00260e1d6ae38845db0ea7a02033fccb48dce4003,HAE,Speaker,Kitchen
5d2e861f1a58d0919156d3afbb42a6db476daddcc5e2f0221462c77ce36e35ff,HAE,Camera,Computing
7c2756159ac85665400077fb7fd0647da5ab0973dc631ffe615f33aaf8ad623f,HAE,Smartwatch,Audio
a0f1bcc0c6397889a2cd6fb88b86dc08448b35bd043db81aad38a119bddb57ae,HAE,Laptop,Computing
abd8224c2388f74693f537afb828221f8a8db8b7c9d990063e76bb9d1ba2beca,HAE,Refrigerator,Gaming
a1686ff86a6264ce34ea0b2800c7ec268b036929cadd032cca34b01149216ec7,HAE,Laptop,Office
39b782b0da6d18c6e12c4c3be63cee1ec2569be2f113ef6729f7ce2a014480bd,HAE,Laptop,Entertainment
ee14241f34ac127838efea4e59a63f3db31737862544848ab3698f661be1c565,HAE,Tablet,Entertainment
7226449f876484f02b0c681603d75af167704842ee726a30f4be18579ae7498e,HAE,Headphones,Office
dfa2723294609f91ab9fe8b8101295b614e2ccd734e039dfcc707db932b39b0b,HAE,Headphones,Wearables
99b2bb2e7d9c0d4faa248527f43bfc35fe687981e79ad94acd6b1cb5e6252eb6,HAE,Headphones,Entertainment
613dde789027fafeb658b371bd8437dc66567439c98512084d9361302efe4cec,HAE,Camera,Home Appliances
c1e3aad1af15ea9a2d37df1f3898d7fb8da576ee49929a1a4533fa496dc73689,HAE,Refrigerator,Photography
b8dbbe3bb8232e7139ce5e2c0f15537ffa2bd8e104109c22a87819758770cabb,HAE,Laptop,Gaming
3552f83e10611cf2167d83e7aa657adddacc3287526ff3c4a21aa9dee7edcd8d,HAE,Smartwatch,Office
7bc54edcd093702b8e521192e1716c04fcdce4f9cbe92a525b9f75567a6868a9,HAE,Headphones,Home Appliances
790e0517f24437345814754fae468721aa947091d23466f14e3faaecb8aabbd3,HAE,Refrigerator,Office
c5ad386c1a76d3ac5788cb8c556deb3b19c6ce147f89d689fb37817bc5d48982,HAE,Phone,Office
bef576b4704a550807fbe6267f459655191201416d56f777c7010c0692f51b93,HAE,Phone,Kitchen
ad3aaa4198e97ec36d4722a0aad2839ec5a4fab6f8216a4211e8af38b87d646d,HAE,Refrigerator,Entertainment
4a112e4926ac4a93436057efa95085ccda3a95bc3bd5ebca27906ee3a25f57f3,HAE,Microwave,Entertainment
b342cd8b9a54db303435a634cab53200c013eb3ddb1f3f51c499aab97912d40e,HAE,Headphones,Office
912a77d5b48c11290b474097afbbe37fe6088aff9826b37760236b4cca7a04ac,HAE,Phone,Computing
52855001025a0356aa9830ccfabb9249ec3a7073b0e2210d1b2df95070b79eef,HAE,Speaker,Photography
498e3461aa7f664eca0426f8e3044cab61ceb10bd76e617ea2603ecc074078e1,HAE,Smartwatch,Computing
d5bba03d2af2ae094a8b76693bfb2b08a5110355342c7f7d1c88a99febe0b62f,HAE,Headphones,Home Appliances
70374efdcf452879739c31cba61624a38b13be0575c66ee928b063021eab65eb,HAE,Camera,Electronics
de1563e40d8dfacf3668abb44c86f1e2e5f63ec45759b477eeee0b4239ce9f6a,HAE,Tablet,Home Appliances
2df2edd16b9c7972a046c8ca8529a1a93b4d7e2759f32d4cde012c47a8ef0a56,HAE,Television,Home Appliances
5fdc8407b866c2b668284ddc4410cb8691fd1b4f2cc6e024ccd40b7b5b63e053,HAE,Smartwatch,Kitchen
3cc5d84401a57dc483703ea94ddd26baa5cf5523dea22153c77d26d8b26acaec,HAE,Headphones,Home Appliances
aed34a44043f48272be8b8d748d70fbf77abfa2876ac4da6868b2d0e30fceeef,HAE,Speaker,Kitchen
bf3ccdfbae1eed4dd7cccb527f795966318a4c1d546d5cf7126465e7c9f98756,HAE,Refrigerator,Wearables
b12238c52b17ded91a13e274b68891ca60e21069b9edc23c472d499ea30708a3,HAE,Television,Photography
9c201b8127d407723073cc76b31447954348444af7efabba338f3b9bbf0cb157,HAE,Headphones,Entertainment
21862a1bf261bc3cda75b6f99931076f6066fc207380122f0a73f9744c1ba7fd,HAE,Laptop,Photography
0779c129eab491da52d336004a9620fb91c8dd198c916df26ef6918e6aed1473,HAE,Refrigerator,Gaming
2cde022d19a93cadd25cb5f3f49fc0499312d8da2f304e83989c52170451c867,HAE,Television,Entertainment
60598f389268ed2b77a363a4e7f35c6852a12b8f2e6f6b274286662f7af9a910,HAE,Laptop,Photography
57e736d81814c5b2ffbc4a94cd70094896c1da4821ed5f989346043eeb04f124,HAE,Tablet,Computing
b3de11e60079e9f3ac53bbcdb51f84a70f9187087ade5dfd9e557eb10e9f96a9,HAE,Refrigerator,Electronics
a1074cd251791f171e5e6daea8ccc5f5f05f0f76ca5d63092154c8fe5c26b8d6,HAE,Television,Entertainment
8a7c87f057a8471049b5c7dbfabaa561b8f984ab89ea01691bc211d239e05823,HAE,Smartwatch,Audio
e3922295a09d6b473c6e03b503fba6ab9c1f12f421f93a27725f7e05def6c345,HAE,Camera,Office
988d817162470ac9541d9c39be983ac58118e8bafc841b4869bb74009fa7ff83,HAE,Television,Audio
ed7a40df912e9fc4ec3de45a6656ea90145eab0473346a6ead47d59f7b795a6b,HAE,Microwave,Electronics
59399bd7e2786a7701738310b8acb5d26fd18cb2248a33b4840acf877ec26f65,HAE,Refrigerator,Kitchen
e87aa6c41d753119af78958e138df03d3d316d9cd5fa5b31dcd3505ca23e8e32,HAE,Refrigerator,Home Appliances
07f2e24ae5e32296ef30b62a214f9b19b9c35024605a5e894faffdf92a410b24,HAE,Laptop,Photography
0a991d21c3ce8c5f0b8eb96c11c4af8dc8ea5078f9be6618e443fff7c118bf7a,HAE,Refrigerator,Office
ad368ac86f201752d858d431476f476adec49505b1079dd4bd20d3d5f4cc353e,HAE,Speaker,Entertainment
ae213d2fa8c99c746958b22b4aef58e4f16ec726d362e9c431dc1d866c376ce9,HAE,Camera,Photography
136f20f56ca48646173972a8104efa19eba486f38810cceadad96f2e6623c0de,HAE,Refrigerator,Photography
44dc372aea66391d7c27f53c3ca92b1726bb2d07716d4fc6eb78e742da5293d3,HAE,Headphones,Gaming
49ad91a877b5199ecf82ee8da0b18e4620437141d3d26955c6da0c86d58d45e0,HAE,Speaker,Gaming
f3c99cb798e90f78e0c8b98eecde4ff4f2872fe2408757e43445305e47f97d1f,HAE,Phone,Electronics
12d3c8aff259c678dd8e7b5b1f2e987993140664a70a691be7f751667fd2d32e,HAE,Phone,Office
e8c6a08f9c27013bcc1950d8eeab41f10e6d7be1fe8d8b4c760bb70fe05dcdfe,HAE,Refrigerator,Kitchen
369d6e50d8a15cce4c72bcb65b214654c8a2ab1664fa3fcc4cf4317ababf9e65,HAE,Speaker,Wearables
f31840bb15a56faaa7619a3a3302ca6d3bf7b44c98d7802dfef43bdf527e010d,HAE,Phone,Gaming
ad64b4387e7035b5f62031de61fda5fc36ea98fc42ecab62c53bcb99e776224a,HAE,Refrigerator,Kitchen
4477dbd8d494b6a8589da2ddd0b2578eee7235f0ed545f0f345f6584c30fccb4,HAE,Tablet,Electronics
747a7bf2804458662343ba17299a266b823702a1e9522e241b3e604c928fca07,HAE,Microwave,Electronics
6aa2016c20db21b9495a0bf2dfb907d3e15e23f25e9d523c4da524f25dae2c61,HAE,Refrigerator,Home Appliances
f766937da24cdec8d53d797422281a35c851e8cfc7db2938b60b6abbe7d6929f,HAE,Camera,Computing
32155ef5a79c534dac30f706d65c719ef40d9cbcd2e3f59d326f56be90681c5f,HAE,Smartwatch,Wearables
db1211ed89f35b5f86d50a44bbbf782a916298a6baf3b4c016d76c4b01397f79,HAE,Speaker,Entertainment
ee427c53a2c7796cdb06499154c82f9d29ba70f2538f7b9f06f7f60f3d391c62,HAE,Laptop,Computing
968d13c44e40357aee11eba294854b90079e2e1b3b228071c2140653b719c14c,HAE,Smartwatch,Kitchen
45ae7f7d40b9a411a7ea9faa2608d60c671f35b7e62d59bfcd94c460ec0d1fe2,HAE,Tablet,Entertainment
20cdf0ab4a83c19bd0fa009668f116a1f68d387e1a1548b2378e3097c93e9e01,HAE,Laptop,Photography
938036442e62d286294cf2afde40576249a2280b57cff5a0a313d4bbe8973089,HAE,Tablet,Computing
fd83822ee06a55d2e9bd63cbae607d171d07077c9db1410adecbc645a9b7f01e,HAE,Tablet,Wearables
cdfef3d7b05f522776126bc8e65f0e91ec00f815a25a53723e7536d51a707459,HAE,Smartwatch,Photography
137732ca3fdd09ae0ba443ce98764c09e60f0be94ad692d33f9e4faebb8730f2,HAE,Microwave,Home Appliances
325088d52f637b2e05738f27db464b3b6d3b2b598075a60ec4b20138b415569e,HAE,Speaker,Wearables
9529c96eaa07c49dfd352ec317e6edb6b0a3b96a114a79fd35b6d853f21d3d55,HAE,Phone,Kitchen
9427b25f99f98b4e8831a69e90d5a6bd46cbbe79d87927bce63f25e2edb0cbf7,HAE,Headphones,Kitchen
cf9e3aedd908ce9ede7443b7d7fc0cccebe02d0b2d99c3e06c91d44073ed2a0c,HAE,Headphones,Home Appliances
5bf11975ce15e363c03be4a3b2317d9cc7266fc109d42686405de608e2cb51c7,HAE,Phone,Entertainment
a3465c31e126187057b63b6a21be18cacbb979cad353e0c6d9727623db3bd992,HAE,Headphones,Home Appliances
2e7a7a369f28e95cb939154e0351619c155d9c24b4e273e376cf0f5714f551c3,HAE,Headphones,Photography
138c2cd39af087f54c97872ff86ae46f3e9d5d8f18d1735919f32cd83834d1f4,HAE,Headphones,Kitchen
183a651867105067cb6eda6560fbb130673c8b51a145e7df0b1ad0591b80ea46,HAE,Phone,Home Appliances
870bce339279fae8e76539b67d37ac07524bb69555cec3ba4c09b35eb356684a,HAE,Smartwatch,Gaming
a63a03b664b7b1b867c7e15ca1fdbfb5ba60d8a1574912fbc061a524183750d5,HAE,Tablet,Kitchen
9074b29132149b711281d6a713d3236ef3ff3df5cda77458a8135cf50f0a4712,HAE,Camera,Home Appliances
50ea29097f4287b2789cc79fa34657f3fc3ed791853cd01e79fec92864258f91,HAE,Speaker,Wearables
a3b1706ea02c3213028f4a34db7515fd44650b74c03f13fd4ddfa1d1cc43fa35,HAE,Smartwatch,Office
2470281101c767d603967853c07bdd699c266b5aa6ef0fb1fcb42846ba8d3781,HAE,Refrigerator,Wearables
d7a795bea9dad1acb772d66ae49f18dca2f085c88bfc5033c029f3fb99d19529,HAE,Tablet,Office
52896191e66abf3eae7b39368c00e2016925e97afc7e93324253ce05519024f0,HAE,Microwave,Home Appliances
e0900bc92394619791401af5350ecf7d2880b04d8cf158a04fada67b7b533dc4,HAE,Speaker,Office
5f70868fdc8860e27b4b7ade6d55bb0360b664013b538f3e5996c8afd1d6a23d,HAE,Headphones,Wearables
3a8f672fc47c3282b9bf55c0f2b4bfb9752b77c4cd4fda6c6b66262695736ab4,HAE,Tablet,Home Appliances
6a4e531061404ccf59ea3d2decf272ed615b338631a038716791770b2d093c30,HAE,Camera,Electronics
7ad002bedc7f2df560573260c1b7def84c7dffbd6bb5233608a3aa22716b4bdc,HAE,Camera,Electronics
032d8461d5e4152628b6f5811817230e9e1923685f1f86e782297adb43d0475a,HAE,Phone,Computing
eb523def5464a7b77943ab12cf0f851c14ae3fd4a647143631af2aedb45a1ef3,HAE,Television,Office
450b948d0d6361dabde3cf43eeada0fc5a1dbab434657aee0c78d14227746b16,HAE,Phone,Kitchen
b6e3136455ac9ba75f0de063241acf5c0ed2a4d4ae4edb00b7aada1247a6de60,HAE,Refrigerator,Electronics
b1736555e166bf06e1208af08328a89fd6dce39bb183c9d67e9bf8a7473aad5c,HAE,Laptop,Computing
af6360f24858d9c2a077c4be8385eef47eeb4650e6abf0f888483727588d39cf,HAE,Tablet,Gaming
f36c0f9feae3c2c1026d2052e210eb8578d7e19cbf957a8674fd9dd53346c6d9,HAE,Headphones,Entertainment
ac496d2829f3ea3a566db38b9a0795b2e0b5b2b09e1587dd28da7be872bb41ec,HAE,Smartwatch,Computing
e47e88409a6c48d51d5c91b87393364603e736cfba6d9e6016e91604ba4374fd,HAE,Smartwatch,Entertainment
f39c84917a82e83afaf8c588d2c9b3b957f32daf961792f6cf140f23b842a957,HAE,Laptop,Computing
0466ca09d55b2e15a0156a0668b5ee932ce7bee823ef16343849521cafb8d8b7,HAE,Microwave,Electronics
4a8d799cc711224df34d8f9a227f0b96e910f0b12350b239a095dffb5317e87c,HAE,Laptop,Gaming
09690c910bd7f62821163373846e8f7a12bfa6169f561262f46e1db1d83f287a,HAE,Speaker,Gaming
eea29be144114d805f8181049eef0640432f67e269993bec4173a16aa1a84fcd,HAE,Camera,Office
8a7fb70e7b1eafcd916548dba46c39f4f63e29df773bdc20982f6595d20f294f,HAE,Headphones,Kitchen
b395493bf7449c87838e51fad00047af32ccc8efc69914f4e35fd63b77e1d63e,HAE,Smartwatch,Gaming
0af22992028cb8ec7eda33ceb4e9837757478babb790e6063e25b31215fe35ef,HAE,Microwave,Entertainment
6ae5f8eebc802c303a87447df59812d6e5930cb557ef067b489af6062ac00e2d,HAE,Headphones,Computing
8ecfb7ef2b27642ddbe030e663274e25dfe69af39720fa34594ce94837dcde13,HAE,Refrigerator,Wearables
5ab552ab9664bca63a122b5bfa6108844fedcb2bf67db79429c1a6970ead69f8,HAE,Television,Photography
0f591de5bbe2e13780ca20c8eef02071c41ff193a68416833f63367a03ed6bb9,HAE,Refrigerator,Electronics
0cbb0cb3a41364acf9d367aadd77d4f2f2895dff79eaa3b97a2e22b74467afe9,HAE,Microwave,Electronics
f8ca138a6ad19038c37a4a42ed77a416d6f5adf45aa33708ede9b6ec75943886,HAE,Smartwatch,Entertainment
43a641d84ba78f7b4debac7486f3eeb0ffef6c1fbfdb23071790d4004d7a8488,HAE,Phone,Audio
1b754565257ec705d7194f0311b20483c9edfd1edcc031c22dcf196c5516e9d3,HAE,Speaker,Kitchen
ce9d0fe22d527ebf0d9e8d89da7b333d7ceac55fe9481e32f22e70ca9a42a5f1,HAE,Laptop,Kitchen
6bbcddbbf0e81d06f432eeed27ecece9f3823f877bb2dfbe7c3434c9f7ab9709,HAE,Speaker,Electronics
56e18a0beb729f3f5bb679689900a01810a8afbd2a223f9a02728ff6c7337c09,HAE,Phone,Computing
6efebaccc4992df3c277b61b720455ea568974c052e71930df1cd961efa4a273,HAE,Microwave,Entertainment
4a2c58a0313d64f25fd8b2e08d169bcbdc4f8cf574fa1309db50e05622e0233e,HAE,Speaker,Computing
00f7ce4bc7e532ff7cfe5b39abcd3186568c9bf2eb78625530ef5cd967e8969d,HAE,Microwave,Photography
a56220edeca3d7170752484299d7811fbc9b84db53ef2484ba16ba2b5b608581,HAE,Television,Kitchen
5326f65f10d4ead28101a20e5ba8dc17cfbcf52fdba347f0641995b7c0df94a3,HAE,Headphones,Computing
0075c0b72e174609c8b58e5409ddc5640dcfda24c3e57b3528abcb3fe74cd456,HAE,Headphones,Photography
4724cc2a11fc942ec808bc0e4057e65a7711739e46137ed171a7b989da163346,HAE,Tablet,Kitchen
9a0833e562a45d842c5fd2067f9a7ac99be39dbabfbff5e142f5aed257be17ed,HAE,Refrigerator,Entertainment
6266cabecf802c5177ab2f7d03d3dafc06ed423c66d2c0c0b7417b9639839a91,HAE,Phone,Audio
7b9211eebefbbc8d8460338d7ca6e54ece95603aeb939cfc19be541735368405,HAE,Speaker,Kitchen
b571483879171cf1754a5b93865bb495af33a6b92886cf13b0121eb9a9588421,HAE,Camera,Audio
1d567f6541386bd16ef49f280298800984388d6a7e4df55b7ac3286efaffd165,HAE,Television,Photography
25aeb7706bc33dc019e53cdcca2e943c26371ac6271798455ab7328257eab801,HAE,Speaker,Office
76f25460cce4b550a4f212cf91e4e1bd0780400b61f0273ca1fa240ce654a72b,HAE,Laptop,Entertainment
a4f572f6ee1cce7afa12fe87bcbfed7b0fb78ed2c0c62666396247a746b21e72,HAE,Camera,Audio
5db21ce8619a607796ae48a6638609533a6396997274f204ce0d5e63133494a8,HAE,Headphones,Wearables
68bbc22b40b8140c66506c5bbee0a83d99fd0325a9fbe19fd58fd861f9e9d093,HAE,Smartwatch,Wearables
3a556c57c44ac62d1ac882f823e3ce2f364decd7fc775ef2d4afff45354fc2fd,HAE,Laptop,Photography
4913149d49e36d49d478d6405aad5d3bca21cbe23eadb3082608fab88d864c0f,HAE,Refrigerator,Home Appliances
0989eabb0ff74e80412ccef275c4bee95f13ddd4af4acb27c95054f2b6be5317,HAE,Television,Office
820e940dd893fa4b86cd276fd7284402ccaff93f8098c87bf54daee66d085a0e,HAE,Television,Computing
404a463a4271470acb7cfcc1dd9b9557dfa215bb004fab46fa956ce7648a4f0d,HAE,Television,Gaming
525356c9948e81eeb96d35efae6f50b670c1da97d16aaf43b88983838a706354,HAE,Phone,Electronics
be080bc6125afc0ee71c9a7212f54514bcdd51f90f4e242d572c3b1bb81d3db6,HAE,Phone,Kitchen
7a9292331d93c55afec7cbc5dc69d11e14be1ac45cb913bf929e14767817d0ad,HAE,Microwave,Electronics
a1376802024503b47c4280b1124e69d78ba1abf4510c8d4df16871a446b965db,HAE,Television,Audio
badfe8b426d4018dfcba4f87a0de2f5e5aae5ee0a91e2b5152c9c76b57e28be5,HAE,Laptop,Home Appliances
208dd3d309a0cbaa4f9f85eb154fa56112d44db64262a2386eecd7f51f8263a2,HAE,Laptop,Entertainment
5e5239b1bf004cc5e87260203247a35b315dceba3162562cabba84ed3344bc0c,HAE,Microwave,Gaming
0458976d988400188133fd2fb2a369cc0dd7ec69def170c1cff511cf90888cee,HAE,Camera,Audio
26c7099a6405a1dbcc73b0a1f4fc84b2587efda9f49a0d615a20f4ff9058b28a,HAE,Camera,Photography
7080f4e7898d1ea8ef550e2568f640071981eacd3e2ed5b46e1c74a036b51555,HAE,Microwave,Gaming
cd910f6c001bfa37c7109c0cce737c6939adb5ccc0741d886feaea0ac8abc73a,HAE,Laptop,Audio
95e70a18eeddac266b1d34972cd7e989c39487acdddce5b19bfb8c4d7b02341a,HAE,Camera,Home Appliances
0b0b4998c90785e300541ad469f033dc2e43faf9a5c44b71046cd3377bc8810b,HAE,Headphones,Computing
21a2ddc059163861927f22c0fcc6c36b1c16dcec258a3f04361238658fd1195c,HAE,Camera,Entertainment
e90d03fd4236e853db63450c9d43d4b8fff4fe96ce29d7b9f279504ef882dcee,HAE,Speaker,Electronics
4a5997d291cbe9f63038764a59000dcb03ffb526c3fe7cdaac8018ad01551aab,HAE,Laptop,Computing
13004ebe5f4e819d1133a654248224b7106af6fdb66f241e74d166765ac76c50,HAE,Microwave,Wearables
a543e4c21a0960aaf4044efc5e108ed9cf8ec89e624cf61be9fc7e622ea5e03d,HAE,Laptop,Office
32d4a1f3a1f1a25b5a405eec1cd2ebfefd958f66309f0d09a37ee93f4498d4f7,HAE,Headphones,Photography
8b461dfb444bf55235e240d871a5460b5e219d67c2738eaa2f48945ca7570c97,HAE,Microwave,Photography
066e02ba9c0aeadcb5243f139f5e4cbda274d469789e71b8f4c1e47e156f38d0,HAE,Speaker,Kitchen
805a7bb85fa595eabe138d8da37b3e2d0dec88837841a471c9222a692b89eea5,HAE,Speaker,Office
7d871e0ae6e882062301096298dc8f7e201d16771176c728159e0a5ff0e3e1a8,HAE,Camera,Wearables
3890dd3d567c382b40f834ec21f4773b4fc41084ffff5290ea2335141f6b4288,HAE,Speaker,Office
da8fddd9b850c64ca83130f53d10f4d1ad78d5597a330e54c11ea0a58216b2ef,HAE,Television,Kitchen
8481ffab7a5eb5213ec0b23c58170ff143eee0d85eb6fbe023790f971aee00fa,HAE,Speaker,Photography
fc37dd6f8ae74570824bfd82569627bd19686ec457e195a48e8d31f9beedb4bc,HAE,Microwave,Entertainment
a69d1f28e1fb4f89e25d1b0bf8e7590717aa4c60473b666fa853dfb099b6b48a,HAE,Laptop,Wearables
99b1278134eda4fc0ecad0005b2be9cc5c3c2fa21f9f2e8c50d49d3b67637eab,HAE,Microwave,Home Appliances
e0c4391405988c8f5a4c708fd5edf2f678e33dc9e0e861c241cc2a16dfc835d4,HAE,Microwave,Gaming
dcb9b4fba8f4c2ef18e4cdfaf75c2b2f17c2c0c3a1b8ee0eeafbc91f0651d793,HAE,Headphones,Photography
2f0782382aeaa1bf9d661a0cd607219fdeb69a045dde69300f13299575e3c1f6,HAE,Headphones,Office
8edb00ec6e56cb72edcaefc53a04595b261da504181758d20aa54669d4b9a3fa,HAE,Speaker,Computing
103cf45a12109fd9534f9ad207ee53edaf874439f3866735aa0e2cea654eea77,HAE,Phone,Photography
d27225aa8836dea15e9d4479f6112118fd480c3ee85244ce7ccdd11a6cf216f9,HAE,Smartwatch,Entertainment
d455c929fb8b40b53cb0cbbf2c724a8a4a1f709fb5d1f04fa91b1730caf14a69,HAE,Laptop,Entertainment
aef7fd2f68b5638852bbdee5765082e1e5de2e9dbdb962356c225e49d14b2cca,HAE,Speaker,Wearables
80191d140b359401b77f64207367b684a42f8251b83f779766d0ea49a6dbd277,HAE,Speaker,Electronics
6bc4105a11fe9ab6a6dfb4d5f19c065012f20019bcbd6a3295df45452dab73ad,HAE,Tablet,Office
9502af20092e18b598beb3b703bd9f18d25a8617b47c0729c967e96d0d96ce8c,HAE,Refrigerator,Electronics
434a51a74f37c2066394c549f09e6327cf6eeac6d8b19759238c634aa58dc36a,HAE,Phone,Gaming
0288f2b96134af241ef2fcc72dd32b8021c5dc42034b29bbc40c087874794d07,HAE,Phone,Photography
9284b01b02d165f880a48bba5157fa9074fd6222184266d8eba269de0765ce29,HAE,Phone,Office
c0dbf0dfea2c9881639fc5a14d7cdd4b2802f318cf3dbc9548031a27f9f9acdf,HAE,Camera,Wearables
fd113013d3dcd4cece7c135ce3c2eb9e71b716a25fc57c1179bad2a280fe9ad2,HAE,Television,Entertainment
f8d12107da93be49e0dde313380057af914669f952af276e61db00439e8fd967,HAE,Television,Office
01232ac53f8ebda774d437289596fe9a2a1ad5c8f8b5f0c17869f8b76e3224b1,HAE,Tablet,Electronics
f41e0e97781b310b074bb6f586a2ac7b75e520d48b6b5136e17db2bfe14db2d0,HAE,Laptop,Kitchen
204a43282a6a46c789a99688809855015824a3b9429228d27b79cca037a55c4f,HAE,Headphones,Entertainment
3c563f8e0e5f5b85266658f34a3701028abf0d9ecf5b0d08b99767755a5977ec,HAE,Phone,Kitchen
31e2f40afcdbb0a86fa4dd69ccb5b44daaf00ae4a6f609b7ea22ae2dac7f830f,HAE,Television,Kitchen
af90e0e7ef45c4847d485a4c7db8439d2bcf46432877b06730f1d515531cb64d,HAE,Refrigerator,Gaming
922430131fa91337354b985f5e6cd109531aaf5c65927a395e9ccfa20c5f8013,HAE,Television,Electronics
d8fe6e928d4eec774c85dee8699f67517025ac3e9679bb612b7b0ca7a919ebee,HAE,Tablet,Home Appliances
23d74d553d0f7f79d647b4c098e11a4dca24327646fb0d3756d01565992c6efb,HAE,Speaker,Audio
6890d59cd6128738ec44889a8a7b8d2f4a5e7036b871bd3624e41c2fb88d61ec,HAE,Headphones,Kitchen
a78a63d072b41e9200ed67d8e1f491be4e6938f6365652c2eca6dc2edb80258b,HAE,Smartwatch,Office
87018d2eff1115b77b6351d1c2a0a728660c995e9a3874cfecc8052b3217ac5e,HAE,Tablet,Electronics
ea389c5daee6a6b6fca826a6433fc60a6ae2b1669060afb23503d56bec05ac62,HAE,Speaker,Audio
487a27018da0b3013187028517a0966a34c09bc025d7b8b83e21f5c38b15274b,HAE,Microwave,Electronics
be2c9eb763cc70c3c90e8c43970c67c5ac1b3d1ba402ca54ccc602f5d7446dc0,HAE,Camera,Computing
54efa81950cc8f4f70d092c9f132dc59c53b0228d4e74040f04ea8af9913e4f0,HAE,Smartwatch,Wearables
566f9a88505c2d18c39b2f7c1695fa86855afa56dc5223a587dde73406ffc656,HAE,Laptop,Wearables
a758e3e22dd5a5f98c05fb8725ba6d40ef3910df27156628396c944ef9ded962,HAE,Laptop,Home Appliances
af8817e822151ba6a2e782d917cc066e0ee624cdc0204abd098628f1b2b7461a,HAE,Microwave,Computing
ce4e3e8076a8da13766f21a611e6f7d2380c963e28df057b6cfe7ce6a984bbb3,HAE,Refrigerator,Office
d77e93477294863a6ad7965cb9c71bad9f9621cd7aee43fd6a19e6e413b95b9e,HAE,Television,Audio
c2db691eff97365bcd5d9b5e96adef04d3ff89a076d6bc2de8882faa396c9e21,HAE,Refrigerator,Office
43ac8b3de87477f66c78d897401ebb9c11dce9b73790c4ace1c750adb124e605,HAE,Microwave,Electronics
952a5653d76fd156514fb04d28816d709e41713b022f4de7125b310102f2ecea,HAE,Television,Gaming
54fb80fe3afa32dead5a9e323edc15c9aedb30f3e38c33f2de4a9daea8f3d2d6,HAE,Tablet,Audio
1d60d4d10ecd0fbda6f5745276a92305035a4c964a0860a484187705a6f91016,HAE,Smartwatch,Office
0bf79e426b1f79b4ddc1f63aca64110bf4b3ce1e3828f71c6b9abcb8fcf478ce,HAE,Refrigerator,Home Appliances
4c857e42f0e0075f6d242a053876c03e3f200ffe88cddafa6bc0158a012d09c7,HAE,Headphones,Office
b1232dc4fae09ec84a1eda2a17f41b98fb11c2c1bd886a98d3decc048b2b44fd,HAE,Microwave,Electronics
45c68da1e4f902ba3f8eae7e688582cad645f8818da48f378580d7eca22553c5,HAE,Camera,Photography
d6393233c78cd91f73280ecebe162fa92ca2ae5427606c66e7c078a4d7cfacba,HAE,Phone,Gaming
befdf8feaedc2a8a6d1bd003a4064e1ce30f87f8afd100e085065efd7464221b,HAE,Smartwatch,Gaming
f0a29cf21ed2a9103da02213873fc29f844e537f79b3468b740712043da4eae4,HAE,Refrigerator,Gaming
3f4bff7a4444a0b66245f78c571787df8282cd12c1c22d675175a9011b131e01,HAE,Speaker,Wearables
9eb0c3adfbb61d9c43135804eb57bfbffbd3b7ddcb90057563af4e5cf557bfd2,HAE,Tablet,Electronics
3b5e5475b280988f2c14e676a3d960210b5782261a55bd04f1947c331e445680,HAE,Laptop,Wearables
440e51e203219a3e2b1ee08ae02b1cf31cc3de64d6576fb1f15286c4ef3ae6a0,HAE,Phone,Home Appliances
eae30000df8782b8c8342aba54954a975c4e51ee6204d4b25f42ba20df3d5ae8,HAE,Microwave,Office
b53bbe81e0b18cac9dce00a7a30431bbbbbce0ee4df4b90d320317108a503735,HAE,Tablet,Computing
b3ab86dc242090ccf76ff283fa87ebc22cc8abb29e5384ed819423f3b005b60e,HAE,Camera,Entertainment
4c6475f5781bc5d72aa6bf2de93803ae638805d8e35dda387d3a2ec26bef5b74,HAE,Smartwatch,Office
5084133f2a9a84343dc41ffe4556b3f0a75401a9d596c24379b941d498467bfd,HAE,Tablet,Electronics
b2d4a0da203d5d8170a620a7ad76666d4d20a88603fd3e1421c48427f2fcd7df,HAE,Microwave,Electronics
6dbc35bf1c8e7360a128106dafdb7e63b89e54719b22c32920d7fa4f628f41e0,HAE,Refrigerator,Gaming
e02d7ce6a5b0040e59b165698df14fd7b18048137a1dfedf87f0ccf35ac4d60c,HAE,Headphones,Computing
7c3ee4ad2970d09455fe80634a7706a936ff535e2115a8a48ce665bf0c247809,HAE,Refrigerator,Audio
3da5aa74d60dcbe691dff0f2b09199232385825117f4d7e807525cf83835ad70,HAE,Smartwatch,Kitchen
3e87bb6b9c3771ffeb64e8f62639858b1788acf038b437ee6df6bd6220de30d2,HAE,Television,Electronics
67196a7e92ba30b4ebc3eff2d5a2f423812a7d7de6f76e3cd43627bc313caacf,HAE,Camera,Computing
b1d5421e02ed99677f9c8ecf195a97b3789b86a2ac2f0d0c654527b633e65c9a,HAE,Smartwatch,Kitchen
1c1405f3f90f90d61b0638b56187cea8ffbb16c0dc030925282043100f3243b7,HAE,Television,Computing
54f8bcf6d2ab7305298b4578f297bde8f1e10fc9137ed6ee22b1704f137e177f,HAE,Phone,Gaming
1e12b2f13691d39dc54414885b8c8d35d18c9c9c4d2a319f49936ad325804bd9,HAE,Headphones,Computing
8cdf6030f76df2c42401a12e191c78c0c802de282d0ad071e59b5cf0175a8e70,HAE,Speaker,Home Appliances
7ae8843d5a058c333c21550a54ac292a7cfd425da3b99d65f68e4fea60cd0dbe,HAE,Tablet,Audio
54a7c681d010193856c231a873ffd60a1bc76e9b3630682d03b496636e9bd31f,HAE,Headphones,Electronics
8036af5a9743c75ed6251e5464727863d9101631c463e7e2431b87ee5b82723f,HAE,Headphones,Entertainment
e932df539759e1980a88e4426ddd8886d96107cdf707b101d87162211066bcf6,HAE,Smartwatch,Audio
86145bb6d7a212e75c8c779258e2085bbe9be68e0c08ccd55eba5d7e33a8fd29,HAE,Tablet,Office
eb653a456605f2039eb64445227147ed73f30d2cfcb1e06361d5413408b9a1d0,HAE,Camera,Computing
72fe3b8ac2d7c32f1b3cba70a46714e3e675a54dfb1db3b505597749c3d88828,HAE,Smartwatch,Kitchen
0e174889a57dea26db19d65329828d5ac0c72a0eea7876bb93de18f7a24e0c28,HAE,Camera,Kitchen
969c311931068cb9ef330142aafcc6021ab20cf32c3708ebf17f05cad7148567,HAE,Smartwatch,Home Appliances
dc93294f10f9d067fae86fdaf2c9376bd6d90ec4e7c4567c678907f31f929b4a,HAE,Tablet,Office
6436acfdb47a6be212aac350442cd8f205f9f4deb427dc19be2d173e17b7aff8,HAE,Speaker,Wearables
97966c868b24664c8e76c8acf0cad56036665f7df487068b336f7707a8f841ac,HAE,Microwave,Gaming
06599263c5c7dd925245f4b882a54582ccee2c5a8318c915b705f95f738bc28f,HAE,Tablet,Electronics
66e1da8efbb721fcddf4a59861c72ea39981b31e95b2e56b3aaba9a8448c0a29,HAE,Microwave,Kitchen
72d37c4258131cd877450af49e30eb1654bc5e5cf90836eb54d4d47ec2aad0f6,HAE,Tablet,Wearables
6fde05675ed23a3292023e257f360132cd57e90716ab70a7495c5e61b07a49a9,HAE,Television,Computing
51e6f96fb84422794f09e56064f0c1ece921fb91faef2f69c3635efae7f6e432,HAE,Speaker,Photography
3cbb682810d478fc4ef84f8a5b1bdef0490237910e87768dded9f6a8f4ef20fd,HAE,Television,Gaming
6591fe38fc47d9ccaf4b6849cff1555bb6a6bd8c414c0c8f9599e6d5af403aef,HAE,Camera,Home Appliances
85f26b8ef08ecdd4e8ff051f579737bcd7df3013d9c757061173ee7eebfed7c6,HAE,Smartwatch,Electronics
dbf63af8af001c2f1aff6b0a82d34e079e04845300662592a8c30070372fdf71,HAE,Laptop,Home Appliances
e07daab027be36f272f71ed593114bfb3180dae2a2fd2c850ca6125b82757781,HAE,Television,Gaming
ada93b850c2d858de9d00c518f134083528cf0aaa54358358649375548eb10bd,HAE,Microwave,Entertainment
9c68f523e99142381574a13679fe4476b4cad04bb9569a54c3ddc9919326fef8,HAE,Microwave,Kitchen
d2121ae815929f0f342e4d3c29977fdc9f072df795566f3b4f53e8ff38076d25,HAE,Phone,Home Appliances
ffb076fecdfe09443c52d30350853b68893e3fc82488dc36dcfc78b772f52962,HAE,Television,Wearables
ace8c70f9d50fbb0376b1542b8c8300933f89c5e4f808549b48e60e54dc9b104,HAE,Laptop,Home Appliances
0d0bbde5fde15e4154d573b68e215b5462aa50c1146e01d4d149e4c34864e3bf,HAE,Speaker,Home Appliances
e7e842c072b71c1031e4e539e2dd1bf6a1787033690994af5ecdfc93e65cd742,HAE,Camera,Entertainment
bbd70b6be60c12058be2dbad790218ea936fc1195510dca030fb244be953ef65,HAE,Tablet,Computing
9cb185bed6a61a76e97eb943c90ffbc88283e9c5ef94df38bfaae88e225592ba,HAE,Phone,Electronics
b6c8d33798f8b7b11d4a251529e2967d580c75c0950a658c2615297672c6a383,HAE,Speaker,Electronics
d733b9c2cc35a7ad333cabc44cf0320068eb270f36fc2568de593d1a27d1243b,HAE,Television,Electronics
65a8fa382ec7bcf09c2ac3bf99b6013a5a00e525b114737051c80802ba4e29f4,HAE,Refrigerator,Photography
cb1531c590f3a6ab449cadf71d6e8f36062a26ef426a17ce8deeb93295507197,HAE,Smartwatch,Computing
43379a0580daaa90d4455c84925beffd6064e0d04e5e62539d1ce4eb0e5044ef,HAE,Television,Audio
aba7b9155b269e6b7105210bf491ccf09d6d28ed55f20a4d004aa5780992dbfd,HAE,Smartwatch,Electronics
54daa8346db0f713127a5a00a86fb534079d29978ddb461c6fe6421f7748447a,HAE,Tablet,Office
1fa182575aa824b4a81f5896388ecb45c35a769650e77a4b893bb3e477e84b93,HAE,Television,Home Appliances
5d479a41eefe0a0207622fb96cde0634d4e8bf8d45abaa343043ebdd7bd90906,HAE,Tablet,Computing
dd3ec1f8b41af81fbb03b941c8a6fc7feeab51533abf3ff438c20835bd138847,HAE,Speaker,Home Appliances
18f9b3bc3c31258b3ff17329ec5cb26aaa7274cafd26cca42855ae5b90e88913,HAE,Laptop,Photography
41e2924e51e55dc4912b5e6204bb040ffefc121a5d1cbffa585279196c4eb615,HAE,Smartwatch,Entertainment
064212399b021e3418f7e93b23e431da710a26018bc47de2d1a4c0463fd81347,HAE,Camera,Office
cabbe8c08adfd6da0c8e91ead751220f7c112debef714ba4752b02cffa6b0caf,HAE,Laptop,Wearables
a4e14239faae271a2fec592518de094732fc650f65ceeb26bf0d71c56b0a96ad,HAE,Headphones,Home Appliances
3e5ea17e47d32384eec1b89da3f9391121c4c1d78010d4cdc4968bd99c3b5f88,HAE,Tablet,Office
865a27bf68cb7b4dcefcb34ea0b823b3c76e1a575d62705a91eba94f0fe99bad,HAE,Refrigerator,Computing
2471fdc4a4e62d9bf6d89b12e308257676d2367ad4ea60dfb89fe48bce1598d7,HAE,Headphones,Gaming
95ec89560a40b242b81ec4576e4c049845d908a820f3488a8c03247ba87e8e1d,HAE,Tablet,Wearables
0841f83f603e6b67cc77693330272b01aad3531019fb712603b2ee6ed5e7fd19,HAE,Tablet,Wearables
c1d4c3a348bc7f99626025c17a11884ff1213d008b814fe44d1e4853c3c44d37,HAE,Television,Office
29c421947e5f9bb1aafc92f8c77d5825eca372b7ce8afc8377e948b34ae0c4f3,HAE,Headphones,Gaming
1a02b53097e270d1627e6e54f4edf7f0508c60111e1493cb5c4ca07f36642124,HAE,Microwave,Entertainment
deca7b1c60e9c0c0cba8b108b41f418d3c396eaed55d130987d5e17b83418cfb,HAE,Microwave,Electronics
e65bb1d268f53e29a569a1301c3fd007d1643d6e32f834aca8d8af774006b318,HAE,Laptop,Entertainment
919c44ef84674184aeb5fd6a6c1a6176d28d6eeb362605e92dcd056d5cb131e4,HAE,Smartwatch,Gaming
14b3a84a8148e5039e910ce840492d93dc4bb1fdac3cdada293a30ab23f7976f,HAE,Headphones,Home Appliances
764d95466e1a9fdf6dcd9ccba5a53cfec4628e7007f512e190334302d5d9f981,HAE,Smartwatch,Wearables
c73db65ab9bbe41fe4dd106d1ea5351781ac2faed986ee15b5cc99931b9a0593,HAE,Phone,Office
64020463b55ab26c82db35d921c3845210059b560d0a8963550bdc4e115aabe0,HAE,Tablet,Computing
5419c0da2ebd089d9c11e23877fd9ff1b06498392aa66ac9b39e2e264731abcb,HAE,Microwave,Photography
002409b249117393fc2d3064c31ed0e52a69c3dece2be5b16edd5911874c750b,HAE,Microwave,Kitchen
f494525d809e3a3d87b3f582592dbffbb836b0c47ab52f7404ff2d8e4e92458d,HAE,Microwave,Computing
6a0c2616ac8035819a86c0fec3d4cab381cd1e2318f1a42761d226bbc3956052,HAE,Smartwatch,Gaming
e83fcf095a7fb97dc55f89f2875a23c636e5860691f590519fcf2aeb0bf00f00,HAE,Tablet,Photography
ca08c03b8b3b454c16ea40c35ae40ebd41f27d1ca42fd574abe24fdf574b2271,HAE,Headphones,Home Appliances
b82d88fb7ff3e4902213caaaa9d436f703d727bac3d3420757c831706c43c06b,HAE,Camera,Electronics
9e71271ee5f0b32453e78facac25b9788dbb4a5ad43a9f68057453235a8b396b,HAE,Tablet,Photography
acb20975cf95afdb52a6ec63de8fe69f60c769cbdcb3abf3668d5c6dae6e00e8,HAE,Tablet,Office
7eed15ba797801af04f69b648bad31f075f24bae581aaadefb487c9c91e16994,HAE,Refrigerator,Entertainment
f394a54795b5ea0551fec212150ae2681136c8b41853db30d46dba5adea5a268,HAE,Television,Photography
3649b1212572e550b5c1821f9aeddf40bb83270ad4d4c6a62b5bcad6935f111b,HAE,Camera,Entertainment
a6282c7ddae7f0187e4172da3688d8417f3a3271ec51c283c1955f95a3b8942d,HAE,Microwave,Gaming
a55cdd61aea380d97f366bc4b3f4d8d3859e078ad0110a0350e1baf23242033c,HAE,Phone,Home Appliances
4e1f655225d6c2f84e765d6ce6f1133925ae93148c5b1e545585f961214fa9ae,HAE,Microwave,Home Appliances
6c0f6562b540cb3edf6c38fd745446c3012cb88b631cb210e38dc4207a6fef29,HAE,Camera,Kitchen
b51af1cce2845d867f6b495ce22684602f71c398c7c81f8510cbe6edbe458610,HAE,Speaker,Entertainment
6b1cfdf8bfbeb8d86ada85c254ab589c95e9bea32ffe3d99545924d39a907b80,HAE,Camera,Office
dc463419d67bdfe07e330b4a4ab8c435fbd8e8017a87784c5d7787c9cde3c244,HAE,Laptop,Audio
2632bfc0b18d0377a63ca6fd98469b23a1cad879923799d4f2220ab2768de698,HAE,Speaker,Audio
27b83a0dda8efc2ba657d836d4f3b8f8696ac9aedbcb38c5bf0d9f4413a9b2a3,HAE,Phone,Audio
801948d5994cea6c3ae2fe3621c7f7f4f0f185b46e40a09fbcb3ef8b4d5f50c7,HAE,Refrigerator,Kitchen
9b1a6b0495932bc0cea9d282a60d11472aa22c5a0e2b374db13095af522e59a0,HAE,Smartwatch,Audio
4794edfda9c4b440e82d19c3bd52f3ed2e5b409bbdb5030038b365991373bc40,HAE,Refrigerator,Photography
90acf815ae4312dc5d7f4df3daf1420d56a1d482fbc8517b5072af6b42ccff56,HAE,Headphones,Gaming
baaefee895c1dd63e17c004725b63b8071d1b621dc353331c0f0d19e9af762bb,HAE,Laptop,Office
5ee066f21ae53997abf79e5c1e989c3dde712e4086e229b9181d4f5d5417ef3c,HAE,Camera,Computing
843858e86aaefc6ded9ec0698f41b9529bad4d7bec03df3a5b39807df4062f36,HAE,Smartwatch,Computing
f8ce44003525d8decf2467230cc9856e2abaed3388b7d15351bb1b9cd974cd26,HAE,Refrigerator,Home Appliances
0b009ffd7a5cc9e7992e4b1a50821aa42624ad12bf2409fe7504b9104edbec1b,HAE,Smartwatch,Home Appliances
3c18cedc67ec6b67adadd3a001f02fce422b57dd05441de253b9d39ec8462f60,HAE,Headphones,Photography
76a4751b4dfff8427005bfef770b0a2d7ce1d98b1201ee505f7791ef83e6f8ff,HAE,Headphones,Gaming
04dd87be2432f6e5001b637b8230c8609623b4898befed70944d9f5de4e8dcbc,HAE,Refrigerator,Wearables
4db93769b6431758e74a79d1503ad85df3ab87bced86c5c889ecd14a3f670390,HAE,Smartwatch,Computing
6bfa0a186acf16140507332bdbf7caf0d4e4467da2a6e7e536323c83014b3a26,HAE,Speaker,Home Appliances
d98dc490518de1b6b99574998a7065ca0d4825dfd1174862987c4773196674e3,HAE,Television,Photography
0b55f6cc1e4ea5310c1a5d1611296e8c244c58b1adbeab838f399ea5f0f0c033,HAE,Smartwatch,Kitchen
4c275d5b05de2f4a8a45e05b37b7be6e542ad45be35370fa2092b86405402407,HAE,Phone,Photography
9cd16bfd16c1b3fea30e5c86e59192f2b540369e69f7367e01305922a55fd069,HAE,Microwave,Computing
0ee2f2944c6387074485c4ad819079fd64091153626845d2437c4f37b58349de,HAE,Tablet,Entertainment
fca676910178ada2ae649b384ebcd12915dffd252b36bde86c01ba8dd3517d44,HAE,Smartwatch,Office
72601cb42f253c64de730b15939b4e65d24ed534605449f0222e57f336636c18,HAE,Tablet,Home Appliances
b9e8b19e4d814117730009bf879952c9e19caf1187c585e657069415d5050c7d,HAE,Microwave,Electronics
3a65a3a87df075638cd66dde26014e897893f240d886ff2780500de7b08fe629,HAE,Phone,Kitchen
3dfc3aa235f9780c038a1b0952818b942f9493616f84da04d974303b8af1689f,HAE,Microwave,Kitchen
52f236e945849aa6f98ffb15f12ba0dedcb29664df4451800eccca415cd946a4,HAE,Microwave,Gaming
2062a8b34210af4a1ea1d459625eddbd4b629de132f62d1b06f1af7ee7eb95f0,HAE,Refrigerator,Kitchen
03db817b97cd9f42f97106d39cdf65d0fdd0cee2bdeed5cbbb5d4cfe554580f4,HAE,Refrigerator,Computing
ad2813c273208de2138341407e7578528133a866e8fe0b597ed0ff67fd77aa3c,HAE,Television,Entertainment
e6c8cc9e2bcdb8fd79b6b65bf36c855cbb5cad463690e6a443e63ac5de6e2c16,HAE,Laptop,Kitchen
